<?xml version="1.0" encoding="utf-8"?>
	<modification>
		<name>Nova Poshta for OC-HELP.com SMS Notify</name>
		<code>NP OC-HELP.com SMS Notify</code>
		<version>3.3.1</version>
		<author>Prorab337</author>
		<link>https://oc-max.com</link>
		
		<file path="catalog/controller/extension/module/novaposhta_cron.php">
    		<operation>
    			<search><![CDATA[, $notify]]></search>
    			<add position="replace"><![CDATA[, $notify, false, (isset($status_settings['customer_notification']) ? true : false), false]]></add>
    		</operation>
  		</file>

	</modification> 