<modification>
    <name>Image For Article</name>
    <code>ImageForArticle</code>
    <version>1.0.0</version>
	<link>mailto:genodessa@gmail.com</link>
    <author>GEN2023</author>
    <file path="admin/view/template/catalog/information_form.twig">
		<operation error="skip"> 
			<search><![CDATA[ <div class="tab-pane" id="tab-data"> ]]></search>
			<add position="after"><![CDATA[ 
								<div class="form-group">
									<label class="col-sm-2 control-label">{{ entry_image }}</label>
									<div class="col-sm-10"><a href="" id="thumb-image" data-toggle="image" class="img-thumbnail"><img src="{{ thumb }}" alt="" title="" data-placeholder="{{ placeholder }}" /></a>
										<input type="hidden" name="image" value="{{ image }}" id="input-image" />
									</div>
								</div>

			]]></add>
		</operation>
    </file>
	<file path="admin/language/*/catalog/information.php">
		<operation error="skip"> 
			<search><![CDATA[ // Heading ]]></search>
			<add position="after"><![CDATA[ $_['entry_image']          = 'Выберите изображение';

			]]></add>
		</operation>
    </file>
	<file path="admin/controller/catalog/information.php">
		<operation error="skip"> 
			<search><![CDATA[ if (isset($this->request->post['bottom'])) { ]]></search>
			<add position="before"><![CDATA[ 		
		if (isset($this->request->post['image'])) {
			$data['image'] = $this->request->post['image'];
		} elseif (!empty($information_info)) {
			$data['image'] = $information_info['image'];
		} else {
			$data['image'] = '';
		}

			]]></add>
		</operation>
    </file>	
	<file path="admin/model/catalog/information.php">
		<operation error="skip"> 
			<search><![CDATA[ public function addInformation($data) { ]]></search>
			<add position="after"><![CDATA[ 
			
		ALTER TABLE information ADD image VARCHAR(255);

			]]></add>
		</operation>
		<operation error="skip"> 
			<search><![CDATA[ $information_id = $this->db->getLastId(); ]]></search>
			<add position="after"><![CDATA[ 
			
		if (isset($data['image'])) {
			$this->db->query("UPDATE " . DB_PREFIX . "information SET image = '" . $this->db->escape($data['image']) . "' WHERE information_id = '" . (int)$information_id . "'");
		}

			]]></add>
		</operation>
    </file>
</modification>
