<?xml version="1.0" encoding="UTF-8"?>
<modification>
	<name>Product Option Link - Опция как ссылка на товар</name>
	<version>2.9</version>
	<author>Pulemet</author>
	<code>ProductOptionLink</code>

	<file path="admin/language/ru-ru/catalog/option.php">
		<operation>
			<search><![CDATA[$_['text_checkbox']]]></search>
				<add position="before"><![CDATA[
			$_['text_link']         	    = 'Ссылка на товар';
				]]></add>
		</operation>
	</file>

	<file path="admin/language/en-gb/catalog/option.php">
		<operation>
			<search><![CDATA[$_['text_checkbox']]]></search>
				<add position="before"><![CDATA[
			$_['text_link']         	    = 'Link to the product';
				]]></add>
		</operation>
	</file>

	<file path="admin/controller/catalog/option.php">
		<operation>
			<search><![CDATA[protected function getForm() {]]></search>
				<add position="after"><![CDATA[
			$data['module_ProductOptionLink_status'] = $this->config->get('module_ProductOptionLink_status');
				]]></add>
		</operation>

		<operation>
			<search><![CDATA[$this->request->post['type'] == 'checkbox']]></search>
				<add position="replace"><![CDATA[
			$this->request->post['type'] == 'link' || $this->request->post['type'] == 'checkbox'
				]]></add>
		</operation>

		<operation>
			<search><![CDATA[$option['type'] == 'checkbox']]></search>
				<add position="replace"><![CDATA[
			$option['type'] == 'link' || $option['type'] == 'checkbox'
				]]></add>
		</operation>
	</file>

	<file path="admin/view/template/catalog/option_form.twig">
		<operation>
			<search><![CDATA[{% if type == 'select' %}]]></search>
				<add position="before"><![CDATA[
				{% if type == 'link' and module_ProductOptionLink_status %}
                  <option value="link" selected="selected">{{ text_link }}</option>
                {% elseif module_ProductOptionLink_status %}
                  <option value="link">{{ text_link }}</option>
                {% endif %}
				]]></add>
		</operation>

		<operation>
			<search><![CDATA[this.value == 'checkbox']]></search>
				<add position="replace"><![CDATA[
			this.value == 'link' || this.value == 'checkbox'
				]]></add>
		</operation>
	</file>

	<file path="admin/model/catalog/product.php">
		<operation>
			<search index="0"><![CDATA[if ($product_option['type'] == 'select' || $product_option['type'] == 'radio' || $product_option['type'] == 'checkbox' || $product_option['type'] == 'image') {]]></search>
				<add position="replace"><![CDATA[
			if ($product_option['type'] == 'link') {
					if (isset($product_option['product_option_value'])) {
						$this->db->query("INSERT INTO " . DB_PREFIX . "product_option SET product_id = '" . (int)$product_id . "', option_id = '" . (int)$product_option['option_id'] . "', value = '" . $this->db->escape($product_option['value']) . "', required = '" . (int)$product_option['required'] . "'");

						$product_option_id = $this->db->getLastId();

						foreach ($product_option['product_option_value'] as $product_option_value) {

							if (isset($product_option_value['subtract'])){
								$product_option_value['subtract'] = $product_option_value['subtract'];
							} else{
								$product_option_value['subtract'] = 0;
							}

							if (isset($product_option_value['price_prefix'])){
								$product_option_value['price_prefix'] = $product_option_value['price_prefix'];
							} else{
								$product_option_value['price_prefix'] = 0;
							}

							$this->db->query("INSERT INTO " . DB_PREFIX . "product_option_value SET product_option_id = '" . (int)$product_option_id . "', product_id = '" . (int)$product_id . "', option_id = '" . (int)$product_option['option_id'] . "', option_value_id = '" . (int)$product_option_value['option_value_id'] . "', quantity = '" . (int)$product_option_value['quantity'] . "', subtract = '" . (int)$product_option_value['subtract'] . "', price = '" . (float)$product_option_value['price'] . "' , price_prefix = '" . $this->db->escape($product_option_value['price_prefix']) . "', points = '" . (int)$product_option_value['points'] . "', points_prefix = '" . $this->db->escape($product_option_value['points_prefix']) . "', weight = '" . (float)$product_option_value['weight'] . " ', weight_prefix  = '" . $this->db->escape($product_option_value['weight_prefix']) . "'") ;
						}
					}
				} elseif ($product_option['type'] == 'select' || $product_option['type'] == 'radio' || $product_option['type'] == 'checkbox' || $product_option['type'] == 'image') {
				]]></add>
		</operation>

		<operation>
			<search index="1"><![CDATA[if ($product_option['type'] == 'select' || $product_option['type'] == 'radio' || $product_option['type'] == 'checkbox' || $product_option['type'] == 'image') {]]></search>
				<add position="replace"><![CDATA[
			if ($product_option['type'] == 'link') {
					if (isset($product_option['product_option_value'])) {
						$this->db->query("INSERT INTO " . DB_PREFIX . "product_option SET product_option_id = '" . (int)$product_option['product_option_id'] . "', product_id = '" . (int)$product_id . "', option_id = '" . (int)$product_option['option_id'] . "', value = '" . $this->db->escape($product_option['value']) . "', required = '" . (int)$product_option['required'] . "'");

						$product_option_id = $this->db->getLastId();

						foreach ($product_option['product_option_value'] as $product_option_value) {

							if (isset($product_option_value['subtract'])){
								$product_option_value['subtract'] = $product_option_value['subtract'];
							} else{
								$product_option_value['subtract'] = 0;
							}

							if (isset($product_option_value['price_prefix'])){
								$product_option_value['price_prefix'] = $product_option_value['price_prefix'];
							} else{
								$product_option_value['price_prefix'] = 0;
							}

							$this->db->query("INSERT INTO " . DB_PREFIX . "product_option_value SET product_option_value_id = '" . (int)$product_option_value['product_option_value_id'] . "', product_option_id = '" . (int)$product_option_id . "', product_id = '" . (int)$product_id . "', option_id = '" . (int)$product_option['option_id'] . "', option_value_id = '" . (int)$product_option_value['option_value_id'] . "', quantity = '" . (int)$product_option_value['quantity'] . "', subtract = '" . (int)$product_option_value['subtract'] . "', price = '" . (float)$product_option_value['price'] . "' , price_prefix = '" . $this->db->escape($product_option_value['price_prefix']) . "', points = '" . (int)$product_option_value['points'] . "', points_prefix = '" . $this->db->escape($product_option_value['points_prefix']) . "', weight = '" . (float)$product_option_value['weight'] . " ', weight_prefix  = '" . $this->db->escape($product_option_value['weight_prefix']) . "'") ;
						}
					}
				} elseif ($product_option['type'] == 'select' || $product_option['type'] == 'radio' || $product_option['type'] == 'checkbox' || $product_option['type'] == 'image') {
				]]></add>
		</operation>
	</file>

	<file path="admin/controller/catalog/product.php">
		<operation>
			<search><![CDATA[foreach ($data['product_options'] as $product_option) {]]></search>
				<add position="before"><![CDATA[
				$this->load->language('catalog/copyOptionLink');

				$data['module_ProductOptionLink_status'] = $this->config->get('module_ProductOptionLink_status');
				$data['module_ProductOptionLink_link_view'] = $this->config->get('module_ProductOptionLink_link_view');
				if ($this->config->get('module_ProductOptionLink_on_off_name')) {
					$data['module_ProductOptionLink_on_off_name'] = $this->config->get('module_ProductOptionLink_on_off_name');
				}else{
					$data['module_ProductOptionLink_on_off_name'] = 0;
				}
				if ($this->config->get('module_ProductOptionLink_on_off_images')) {
					$data['module_ProductOptionLink_on_off_images'] = $this->config->get('module_ProductOptionLink_on_off_images');
				}else{
					$data['module_ProductOptionLink_on_off_images'] = 0;
				}

				if(isset($this->request->get['product_id'])){
					$data['product_main']['product_id'] = $this->request->get['product_id'];
					$product_info_main = $this->model_catalog_product->getProduct($data['product_main']['product_id']);

					$data['product_main']['product_name'] = $product_info_main['name'];
				} else {
					$data['product_main']['product_id'] = '';

					$data['product_main']['product_name'] = '';
				}

			if ($data['module_ProductOptionLink_status']) {
					$data['product_link_value'] = array();
					foreach ($product_options as $product_option) {
					  if ($product_option['type'] == 'link') {
						foreach ($product_option['product_option_value'] as $product_link) {

							$link_info = $this->model_catalog_product->getProduct($product_link['quantity']);
								if ($link_info)	{
									$data['product_link_value'][]= array (
									'product_id'     	     => $link_info['product_id'],
									'name'      			 => $link_info['name']
									);
								}
						}
					  }
					}
			}
				]]></add>
		</operation>

		<operation>
			<search><![CDATA[$product_option['type'] == 'checkbox']]></search>
				<add position="replace"><![CDATA[
			$product_option['type'] == 'link' || $product_option['type'] == 'checkbox'
				]]></add>
		</operation>
	</file>

	<file path="admin/view/template/catalog/product_form.twig">
		<operation>
			<search><![CDATA[{% if product_option.required %}]]></search>
				<add position="replace"><![CDATA[
			{% if product_option.type == 'link' %}
				<option value="0" selected="selected">{{ text_no }}</option>
			{% elseif product_option.required %}
				]]></add>
		</operation>

		<operation>
			<search><![CDATA[{% if product_option.type == 'text' %}]]></search>
				<add position="before"><![CDATA[
					{% if product_option.type == 'link' and module_ProductOptionLink_status %}
						<div class="form-group">
							<label class="col-sm-2 control-label">{{ entry_link_view }}</label>
						<div class="col-sm-10">
                          <select name="product_option[{{ option_row }}][value]" id="product_option[{{ option_row }}][value]" class="form-control">
								{% if product_option.value == '1' %}
									<option value="0">{{ link_view_0 }}</option>
									<option value="2">{{ link_view_2 }}</option>
									<option value="1" selected>{{ link_view_1 }}</option>
									<option value="3">{{ link_view_3 }}</option>
								{% elseif product_option.value == '2' %}
									<option value="0">{{ link_view_0 }}</option>
									<option value="2" selected>{{ link_view_2 }}</option>
									<option value="1">{{ link_view_1 }}</option>
									<option value="3">{{ link_view_3 }}</option>
								{% elseif product_option.value == '3' %}
									<option value="0">{{ link_view_0 }}</option>
									<option value="2">{{ link_view_2 }}</option>
									<option value="1">{{ link_view_1 }}</option>
									<option value="3" selected>{{ link_view_3 }}</option>
								{% else %}
									<option value="0" selected>{{ link_view_0 }}</option>
									<option value="2">{{ link_view_2 }}</option>
									<option value="1">{{ link_view_1 }}</option>
									<option value="3">{{ link_view_3 }}</option>
								{% endif %}
                          </select>
                        </div>
                      </div>
					  <div class="table-responsive">
						<table id="option-value{{ option_row }}" class="table table-striped table-bordered table-hover" >
                          <thead>
                            <tr>
								<td class="text-center">{{ entry_option_value }}</td>
								<td class="text-center">{{ entry_link }}</td>
								<td class="text-center col-sm-4">{{ entry_linkproduct }}</td>
								<td class="text-center" style="width:40px">
									{{ entry_link_name }}
								</td>
								<td class="text-center">{{ entry_link_image }}</td>
								<td></td>
                            </tr>
                          </thead>
                          <tbody>
                            {% for product_option_value in product_option.product_option_value %}
                            <tr id="option-value-row{{ option_value_row }}">
							  <td class="text-left"><select name="product_option[{{ option_row }}][product_option_value][{{ option_value_row }}][option_value_id]" class="form-control">
                                  {% if option_values[product_option.option_id] %}
                                  {% for option_value in option_values[product_option.option_id] %}
                                  {% if option_value.option_value_id == product_option_value.option_value_id %}
									<option value="{{ option_value.option_value_id }}" selected="selected">{{ option_value.name }}</option>
                                  {% else %}
                                  <option value="{{ option_value.option_value_id }}">{{ option_value.name }}</option>
                                  {% endif %}
                                  {% endfor %}
                                  {% endif %}
                                </select>
                                <input type="hidden" name="product_option[{{ option_row }}][product_option_value][{{ option_value_row }}][product_option_value_id]" value="{{ product_option_value.product_option_value_id }}" /> </td>
								<td class="text-right">
									<input type="text" id="link[{{ option_row }}][product_option_value][{{ option_value_row }}][quantity]" placeholder="{{ entry_link }}" class="form-control" />
									<input type="hidden" name="product_option[{{ option_row }}][product_option_value][{{ option_value_row }}][quantity]" value="{{ product_option_value.quantity }}"/>
								</td>
								<td class="text-center">
									{% set link_name_on ='' %}
									{% set link_name_off ='' %}
									{% if product_link_value %}
										{% for product_link in product_link_value %}
											{% if ((product_link.product_id == product_option_value.quantity) and (not link_name_on)) %}
												<input type="text" title="{{ product_link.name }}" disabled="disabled" id="product_link[{{ option_row }}][product_option_value][{{ option_value_row }}][quantity]" value="{{ product_link.name }}" class="form-control text-left"/>
												{% set link_name_on=product_link.name %}
											{% elseif ((not product_option_value.quantity) and (not link_name_off)) %}
												<input type="text" disabled="disabled" id="product_link[{{ option_row }}][product_option_value][{{ option_value_row }}][quantity]" class="form-control text-left"/>
												{% set link_name_off=product_link.name %}
											{% endif %}
										{% endfor %}
									{% else %}
										<input type="text" disabled="disabled" id="product_link[{{ option_row }}][product_option_value][{{ option_value_row }}][quantity]" class="form-control text-left"/>
									{% endif %}
								</td>
								<td class="text-center">
									{% if product_option_value.subtract %}
										<input type="checkbox" name="product_option[{{ option_row }}][product_option_value][{{ option_value_row }}][subtract]" data-on="{{ text_on }}" data-off="{{ text_off }}" checked data-toggle="toggle" value='1' >
									{% else %}
										<input type="checkbox" name="product_option[{{ option_row }}][product_option_value][{{ option_value_row }}][subtract]" data-on="{{ text_on }}" data-off="{{ text_off }}" data-toggle="toggle" value='1' >
									{% endif %}
								</td>
								<td class="text-center">
									<select name="product_option[{{ option_row }}][product_option_value][{{ option_value_row }}][price_prefix]" class="form-control">
										{% if product_option_value.price_prefix == '1' %}
											<option value="0">{{ text_off }}</option>
											<option value="1" selected>{{ text_option }}</option>
											<option value="2">{{ text_product }}</option>
										{% elseif product_option_value.price_prefix == '2' %}
											<option value="0">{{ text_off }}</option>
											<option value="1">{{ text_option }}</option>
											<option value="2" selected>{{ text_product }}</option>
										{% else %}
											<option value="0" selected>{{ text_off }}</option>
											<option value="1">{{ text_option }}</option>
											<option value="2">{{ text_product }}</option>
										{% endif %}
									</select>
								</td>

								<script type="text/javascript">

								var option_row = {{ option_row }};
								var option_value_row = {{ option_value_row }};

									function optionlinkautocomplete(option_row, option_value_row) {

										$('input[id=\'link[' + option_row + '][product_option_value][' + option_value_row + '][quantity]\']').autocomplete({
											'source': function(request, response) {
												$.ajax({
													url: 'index.php?route=catalog/copyOptionLink/autocomplete&user_token={{ user_token }}&filter_name=' +  encodeURIComponent(request),
													dataType: 'json',
													success: function(json) {
														response($.map(json, function(item) {
														return {
														label: item.name,
														value: item.product_id
														}
														}));
													}
												});
											},
											'select': function(item) {

													$('input[name=\'product_option[' + option_row + '][product_option_value][' + option_value_row + '][quantity]\']').val(item['value']);
													$('input[id=\'product_link[' + option_row + '][product_option_value][' + option_value_row + '][quantity]\']').val(item['label']);
													$('input[id=\'product_link[' + option_row + '][product_option_value][' + option_value_row + '][quantity]\']').attr("title",	item['label']);

												}
										});
									}


									$('#option-value' + option_row + ' tbody tr').each(function(index, element) {
										optionlinkautocomplete(option_row, option_value_row);
									});

								</script>


								<input type="hidden" name="product_option[{{ option_row }}][product_option_value][{{ option_value_row }}][price]" value="{{ product_option_value.price }}"/>
								<input type="hidden" name="product_option[{{ option_row }}][product_option_value][{{ option_value_row }}][points_prefix]" value="+"/>
								<input type="hidden" name="product_option[{{ option_row }}][product_option_value][{{ option_value_row }}][points]" value="{{ product_option_value.points }}"/>
								<input type="hidden" name="product_option[{{ option_row }}][product_option_value][{{ option_value_row }}][weight_prefix]" value="+"/>
								<input type="hidden" name="product_option[{{ option_row }}][product_option_value][{{ option_value_row }}][weight]" value="{{ product_option_value.weight }}"/>

							  <td class="text-left"><button type="button" onclick="$(this).tooltip('destroy');$('#option-value-row{{ option_value_row }}').remove();" data-toggle="tooltip" title="{{ button_remove }}" class="btn btn-danger"><i class="fa fa-minus-circle"></i></button></td>
							</tr>
                            {% set option_value_row = option_value_row + 1 %}
                            {% endfor %}
                          </tbody>
                          <tfoot>
                            <tr>
                              <td colspan="2"></td>
								<td class="text-centr"><button type="button" class="btn btn-primary" onclick="modal_product_main('{{ option_row }}', '{{ product_option.option_id }}', '{{ product_option.type }}');" data-toggle="tooltip" title="{{ entry_link_copy_title }}"><i >{{ entry_link_copy }}</i></button></td>
								<style>
									#modal_product_main {
										position: fixed;
										left: 50%;
										top: 50%;
										transform: translate(-50%,-50%);
									}
								</style>
							  <td colspan ="6"></td>
                              <td class="text-left"><button type="button" onclick="addOptionLink('{{ option_row }}');" data-toggle="tooltip" title="{{ button_option_value_add }}" class="btn btn-primary"><i class="fa fa-plus-circle"></i></button></td>
                            </tr>
                          </tfoot>
						</table>
                      </div>
					  <select id="option-values{{ option_row }}" style="display: none;">
                        {% if option_values[product_option.option_id] %}
							{% for option_value in option_values[product_option.option_id] %}
								<option value="{{ option_value.option_value_id }}">{{ option_value.name }}</option>
							{% endfor %}
                        {% endif %}
                      </select>
                      {% elseif product_option.type == 'link' %}
							<div class="alert alert-danger">
								{{ link_danger }}
							</div>
					  {% endif %}
				]]></add>
		</operation>

		<operation>
			<search><![CDATA[html += '	      <option value="1">{{ text_yes }}</option>';]]></search>
				<add position="replace"><![CDATA[
			if (!(item['type'] == 'link')) {
				html += '	      <option value="1">{{ text_yes }}</option>';
			}
				]]></add>
		</operation>

		<operation>
			<search><![CDATA[if (item['type'] == 'text') {]]></search>
				<add position="before"><![CDATA[
			if (item['type'] == 'link' && {{ module_ProductOptionLink_status }}) {
				html += '<div class="table-responsive">';

				html += '	<div class="form-group">';
				html += '	  <label class="col-sm-2 control-label">{{ entry_link_view }}</label>';
				html += '	  <div class="col-sm-10"><select name="product_option[' + option_row + '][value]" id="product_option[' + option_row + '][value]" class="form-control">';
				if ({{ module_ProductOptionLink_link_view }} == '1' ) {
					html += '	      <option value="0">{{ link_view_0 }}</option>';
					html += '	      <option value="2">{{ link_view_2 }}</option>';
					html += '	      <option value="1" selected>{{ link_view_1 }}</option>';
					html += '	      <option value="3">{{ link_view_3 }}</option>';
				} else if ({{ module_ProductOptionLink_link_view }} == '2' ) {
					html += '	      <option value="0">{{ link_view_0 }}</option>';
					html += '	      <option value="2" selected>{{ link_view_2 }}</option>';
					html += '	      <option value="1">{{ link_view_1 }}</option>';
					html += '	      <option value="3">{{ link_view_3 }}</option>';
				} else if ({{ module_ProductOptionLink_link_view }} == '3' ) {
					html += '	      <option value="0">{{ link_view_0 }}</option>';
					html += '	      <option value="2">{{ link_view_2 }}</option>';
					html += '	      <option value="1">{{ link_view_1 }}</option>';
					html += '	      <option value="3" selected>{{ link_view_3 }}</option>';
				} else {
					html += '	      <option value="0" selected>{{ link_view_0 }}</option>';
					html += '	      <option value="2">{{ link_view_2 }}</option>';
					html += '	      <option value="1">{{ link_view_1 }}</option>';
					html += '	      <option value="3">{{ link_view_3 }}</option>';
				}
				html += '	  </select></div>';
				html += '	</div>';


				html += '  <table id="option-value' + option_row + '" class="table table-striped table-bordered table-hover">';
				html += '  	 <thead>';
				html += '      <tr>';
				html += '        <td class="text-center">{{ entry_option_value }}</td>';
				html += '        <td class="text-center">{{ entry_link }}</td>';
				html += '        <td class="text-center col-sm-4">{{ entry_linkproduct }}</td>';
				html += '        <td class="text-center" style="width:40px">{{ entry_link_name }}</td>';
				html += '        <td class="text-center">{{ entry_link_image }}</td>';
				html += '        <td></td>';
				html += '      </tr>';
				html += '  	 </thead>';
				html += '  	 <tbody>';
				html += '    </tbody>';
				html += '    <tfoot>';
				html += '      <tr>';
				if ('{{ product_main.product_id }}') {
					html += '			<td colspan="2"></td>';
					html += '			<td class="text-centr"><button type="button" class="btn btn-primary" onclick="modal_product_main(' + option_row + ', ' + item['value'] + ', \'' + item['type'] + '\');" data-toggle="tooltip" title="{{ entry_link_copy_title }}"><i >{{ entry_link_copy }}</i></button></td>';
				}
				html += '        <td colspan ="6"></td>';
				html += '        <td class="text-left"><button type="button" onclick="addOptionLink(' + option_row + ');" data-toggle="tooltip" title="{{ button_option_value_add }}" class="btn btn-primary"><i class="fa fa-plus-circle"></i></button></td>';
				html += '      </tr>';
				html += '    </tfoot>';
				html += '  </table>';
				html += '</div>';

				html += '  <select id="option-values' + option_row + '" style="display: none;">';

				for (i = 0; i < item['option_value'].length; i++) {
					html += '  <option value="' + item['option_value'][i]['option_value_id'] + '">' + item['option_value'][i]['name'] + '</option>';
				}

				html += '  </select>';
				html += '</div>';
			} else if (item['type'] == 'link') {
				html +=	'<div class="alert alert-danger">';
				html +=	'{{ link_danger }}';
				html +=	'</div>';
			}
				]]></add>
		</operation>

		<operation>
			<search><![CDATA[function addOptionValue(option_row) {]]></search>
				<add position="before"><![CDATA[
				if ({{ module_ProductOptionLink_status }}) {
					function addOptionLink(option_row) {
						html  = '<tr id="option-value-row' + option_value_row + '">';

						html += '  <td class="text-left"><select name="product_option[' + option_row + '][product_option_value][' + option_value_row + '][option_value_id]" class="form-control">';
						html += $('#option-values' + option_row).html();
						html += '  </select><input type="hidden" name="product_option[' + option_row + '][product_option_value][' + option_value_row + '][product_option_value_id]" value="" /> </td>';

						html += '  <td class="text-right"><input type="text" id="link[' + option_row + '][product_option_value][' + option_value_row + '][quantity]" placeholder="{{ entry_link }}" class="form-control"/> </td>';

						html += '  <td class="text"><input type="text" id="product_link[' + option_row + '][product_option_value][' + option_value_row + '][quantity]" class="form-control text-left" disabled/> </td>';

						html += '  <td class="hidden"><input name="product_option[' + option_row + '][product_option_value][' + option_value_row + '][quantity]" value=""/> </td>';

						if ({{ module_ProductOptionLink_on_off_name }}) {
							html += '<td class="text-center"><input type="checkbox" data-toggle="toggle" name="product_option[' + option_row + '][product_option_value][' + option_value_row + '][subtract]" data-on="{{ text_on }}" data-off="{{ text_off }}" checked="checked"  value="1" /> </td>';
						}else{
							html += '<td class="text-center"><input type="checkbox" data-toggle="toggle" name="product_option[' + option_row + '][product_option_value][' + option_value_row + '][subtract]" data-on="{{ text_on }}" data-off="{{ text_off }}"  value="1" /> </td>';
						}

						html += '<td class="text-center"><select name="product_option[' + option_row + '][product_option_value][' + option_value_row + '][price_prefix]" class="form-control">';
								if ({{ module_ProductOptionLink_on_off_images }} == '1') {
									html +=	'<option value="0">{{ text_off }}</option>';
									html +=	'<option value="1" selected>{{ text_option }}</option>';
									html +=	'<option value="2">{{ text_product }}</option>';
								} else if ({{ module_ProductOptionLink_on_off_images }} == '2') {
									html +=	'<option value="0">{{ text_off }}</option>';
									html +=	'<option value="1">{{ text_option }}</option>';
									html +=	'<option value="2" selected>{{ text_product }}</option>';
								} else {
									html +=	'<option value="0" selected>{{ text_off }}</option>';
									html +=	'<option value="1">{{ text_option }}</option>';
									html +=	'<option value="2">{{ text_product }}</option>';
								}
						html +=	'</select></td>';

						html += '  <td class="hidden"><input name="product_option[' + option_row + '][product_option_value][' + option_value_row + '][price]" value="0" /> </td>';

						html += '  <td class="hidden"><input name="product_option[' + option_row + '][product_option_value][' + option_value_row + '][points_prefix]" value="+"/>';
						html += '  <input name="product_option[' + option_row + '][product_option_value][' + option_value_row + '][points]" value="0"  /></td>';

						html += '  <td class="hidden"><input name="product_option[' + option_row + '][product_option_value][' + option_value_row + '][weight_prefix]" value="+"/>';
						html += '  <input name="product_option[' + option_row + '][product_option_value][' + option_value_row + '][weight]" value="0" /></td>';

						html += '  <td class="text-left"><button type="button" onclick="$(this).tooltip(\'destroy\');$(\'#option-value-row' + option_value_row + '\').remove();" data-toggle="tooltip" rel="tooltip" title="{{ button_remove }}" class="btn btn-danger"><i class="fa fa-minus-circle"></i></button></td>';
						html += '</tr>';

						$('#option-value' + option_row + ' tbody').append(html);
						$('[rel=tooltip]').tooltip();

						optionlinkautocomplete(option_row, option_value_row);
						option_value_row++;
					}


					function optionlinkautocomplete(option_row, option_value_row) {
						$('input[id=\'link[' + option_row + '][product_option_value][' + option_value_row + '][quantity]\']').autocomplete({
							'source': function(request, response) {
								$.ajax({
									url: 'index.php?route=catalog/copyOptionLink/autocomplete&user_token={{ user_token }}&filter_name=' +  encodeURIComponent(request),
									dataType: 'json',
									success: function(json) {
										response($.map(json, function(item) {
											return {
												label: item.name,
												value: item.product_id
											}
										}));
									}
								});
							},
							'select': function(item) {

									$('input[name=\'product_option[' + option_row + '][product_option_value][' + option_value_row + '][quantity]\']').val(item['value'] );
									$('input[id=\'product_link[' + option_row + '][product_option_value][' + option_value_row + '][quantity]\']').val(item['label']);
									$('input[id=\'product_link[' + option_row + '][product_option_value][' + option_value_row + '][quantity]\']').attr("title",	item['label']);

								}
						});
					}


					$('#option-value' + option_row + ' tbody tr').each(function(index, element) {
						optionlinkautocomplete(option_row, option_value_row);
					});

					function modal_product_main(option_row, product_option_option_id, product_option_type) {

						if (document.getElementById("modal_product_main")){
							document.getElementById("modal_product_main").remove();
						};

						$('#content').after(
						'<div class="modal fade" id="modal_product_main"  tabindex="-1" role="dialog">'
							+'<div class="modal-dialog "  role="document">'
								+'<div class="modal-content">'
									+'<div class="modal-header text-center">'
										+'<button type="button" class="close" data-dismiss="modal" aria-hidden="true">&times;</button>'
										+'<h3 class="modal-title">{{ entry_modal_product_main }}</h3>'
									+'</div>'

									+'<div class="modal-body text-center">'
										+ '<h4 class="modal-title">' + $('#input-name1').val() + '</h4><br>'
										+ '<h3>"'+ $('[href = #tab-option' + option_row + ']').text() +'"</h3>'
										+ ' <select id="product_main' + option_row + '" class="form-control">'
											+ $('#option-values' + option_row).html()
										+ '</select>'
									+'</div>'

									+'<div class="modal-footer text-center">'
										+'<button type="button" class="btn btn-primary" onclick="copyOptionLink(' + option_row + ', ' + product_option_option_id + ', \'' + product_option_type + '\')" data-dismiss="modal" >'+'OK'+'</button>'
										+'<button type="button" class="btn btn-default" data-dismiss="modal">'+'Закрыть'+'</button>'
									+'</div>'
								+'</div>'
							+'</div>'
						+'</div>');
						$('#modal_product_main').modal('show');
					}

					function copyOptionLink (option_row, product_option_option_id, product_option_type) {

						$('#modal_product_main').on('hidden.bs.modal', function () {

							var data_copyOptionLink = $('#option-value'+option_row+' :input').serializeArray();

												$.ajax({
													url: 'index.php?route=catalog/copyOptionLink&user_token=' + getURLVar('user_token'),
													dataType: 'html',
													type:'POST',
													data: {
														product_main : {product_id:'{{ product_main.product_id }}', product_name:$('#input-name1').val(), option_value_id:$('#product_main' + option_row + ' option:selected' ).val()},
														product_option : {name:$('[href = #tab-option' + option_row + ']').text(), option_id:product_option_option_id, type:product_option_type},
														option_row : option_row,
														option_value_row : option_value_row,
														product_option_value : $('#product_option\\[' + option_row + '\\]\\[value\\] option:selected' ).val(),
														data_copyOptionLink : data_copyOptionLink,
													},

													success: function(html) {
														$('#content').after('<div class="modal fade" id="modal_copyOptionLink"  tabindex="-1" role="dialog">'+ html +'</div>');
														$('#modal_copyOptionLink').modal('show');
													}
												});
							if (document.getElementById("modal_copyOptionLink")){
								document.getElementById("modal_copyOptionLink").remove();
							};
						});
					};
				}
				]]></add>
		</operation>
	</file>

	<file path="catalog/language/ru-ru/product/product.php">
		<operation error="skip">
			<search><![CDATA[$_['text_instock']]]></search>
				<add position="before"><![CDATA[
				$_['text_link_name']              = 'Название:';
				$_['text_link_price']              = 'Цена:';
				$_['text_no_select']			  = '--Выберите значение--';
				]]></add>
		</operation>
	</file>

	<file path="catalog/language/en-gb/product/product.php">
		<operation error="skip">
			<search><![CDATA[$_['text_instock']]]></search>
				<add position="before"><![CDATA[
				$_['text_link_name']              = 'Name:';
				$_['text_link_price']              = 'Price:';
				$_['text_no_select']			  = '--Select value--';
				]]></add>
		</operation>
	</file>

	<file path="catalog/language/uk-ua/product/product.php">
		<operation error="skip">
			<search><![CDATA[$_['text_instock']]]></search>
				<add position="before"><![CDATA[
				$_['text_link_name']              = 'Назва:';
				$_['text_link_price']              = 'Ціна:';
				$_['text_no_select']			  = '--Оберіть значення--';
				]]></add>
		</operation>
	</file>

	<file path="catalog/controller/product/product.php">
		<operation>
			<search><![CDATA[$data['options'] = array();]]></search>
				<add position="after"><![CDATA[
			$data['module_ProductOptionLink_status'] = $this->config->get('module_ProductOptionLink_status');
			if ($data['module_ProductOptionLink_status']) {
				$data['POL_style'] = $this->config->get('module_ProductOptionLink_style');
				$data['module_ProductOptionLink_on_off_stock'] = $this->config->get('module_ProductOptionLink_on_off_stock');
				if ($this->config->get('module_ProductOptionLink_resize_length')>0) {
					$data['module_ProductOptionLink_resize_length'] = $this->config->get('module_ProductOptionLink_resize_length');
				} else {
					$data['module_ProductOptionLink_resize_length'] = 50;
				}
				if ($this->config->get('module_ProductOptionLink_resize_height')>0) {
					$data['module_ProductOptionLink_resize_height'] = $this->config->get('module_ProductOptionLink_resize_height');
				} else {
					$data['module_ProductOptionLink_resize_height'] = 50;
				}

				foreach ($this->model_catalog_product->getProductOptions($this->request->get['product_id']) as $links_produkt) {

					if ($links_produkt['type'] == 'link') {

						foreach ($links_produkt['product_option_value'] as $links_value) {
							$links_product_info = $this->model_catalog_product->getProduct($links_value['quantity']);

							if ($links_product_info['status']) {
								if (!$links_product_info['special']) {
									$links_price = $links_product_info['price'];
								} else {
									$links_price = $links_product_info['special'];
								}
								if ($links_value['price_prefix'] == '1') {
									$links_image = $links_value['image'];
								} elseif ($links_value['price_prefix'] == '2'){
									$links_image = $links_product_info['image'];
								} else {
									$links_image = '';
								}
								$data['links'][$links_produkt['product_option_id']][] = array(
									'product_option_id'      => $links_produkt['product_option_id'],
									'product_id'          	 => ceil($links_value['quantity']),
									'link_name'				 => $links_value['subtract'],
									'name'                	 => $links_value['name'],
									'quantity'				 => $links_product_info['quantity'],
									'links_model'			 => $links_product_info['model'],
									'links_name'			 => $links_product_info['name'],
									'links_price'			 => $this->currency->format($links_price, $this->session->data['currency']),
									'links_stock_status'	 => $links_product_info['stock_status'],
									'image'                  => $links_image ? $this->model_tool_image->resize($links_image, $data['module_ProductOptionLink_resize_length'], $data['module_ProductOptionLink_resize_height']) : '',
									'href'       			 => $this->url->link('product/product', 'product_id=' . ceil($links_value['quantity']))
								);
							}
						}
					};
				}
			}
				]]></add>
		</operation>
	</file>

	<file path="catalog/view/theme/*/template/product/product.twig">
		<operation error="skip">
			<search><![CDATA[{{ footer }}]]></search>
				<add position="before"><![CDATA[
				<style>
					{% if POL_style.name %}.style_name { {{ POL_style.name }} }{% endif %}

					{% if POL_style.view0.link %}.view0_link { {{ POL_style.view0.link }} }{% endif %}

					{% if POL_style.view0.product %}.view0_product { {{ POL_style.view0.product }} }{% endif %}

					{% if POL_style.view0.noproduct %}.view0_noproduct { {{ POL_style.view0.noproduct }} }{% endif %}

					{% if POL_style.view1.link %}.view1_link { {{ POL_style.view1.link }} }{% endif %}

					{% if POL_style.view1.product %}.view1_product { {{ POL_style.view1.product }} }{% endif %}

					{% if POL_style.view1.noproduct %}.view1_noproduct { {{ POL_style.view1.noproduct }} }{% endif %}

					{% if POL_style.view3.link %}.view3_link { {{ POL_style.view3.link }} }{% endif %}

					{% if POL_style.view3.product %}.view3_product { {{ POL_style.view3.product }} }{% endif %}

					{% if POL_style.view3.noproduct %}.view3_noproduct { {{ POL_style.view3.noproduct }} }{% endif %}

					.table>tbody>tr>td, .table>thead>tr>td {
						vertical-align: middle;
						padding: 4px;
					}
					.table>tbody>tr:hover {
						cursor: pointer;
					}
				</style>
				]]></add>
		</operation>
		<operation error="skip">
			<search><![CDATA[{% if option.type == 'select' %}]]></search>
				<add position="before"><![CDATA[
			{% if option.type == 'link' and module_ProductOptionLink_status %}
			  <div class="form-group">
				{% if option.value != '3' %}
					<div><label class="control-label style_name">{{ option.name }}</label></div>
				{% endif %}
				{% if option.value == '0' %}
					{% for links_value in links[option.product_option_id] %}
						{% if ((option.product_option_id==links_value.product_option_id) and ((not module_ProductOptionLink_on_off_stock) or (not (links_value.quantity=='0')))) %}
							<div>
							  <label class="text-center">
								{% if links_value.product_id == product_id %}
									<a class = "view0_product" style="pointer-events:none" >
										{% if links_value.image %}
											<img src="{{ links_value.image }}" alt="{{ links_value.name }}" class="img-thumbnail" />
										{% endif %}
										{% if links_value.link_name %}
											{{ links_value.name }}
										{% endif %}
									</a>
								{% elseif (not (links_value.product_id == 0)) %}
									<div data-toggle="tooltip" title="{{ links_value.links_name }}">
									<a class = "view0_link" href="{{ links_value.href }}" >
										{% if links_value.image %}
											<img src="{{ links_value.image }}" alt="{{ links_value.name }}" class="img-thumbnail" />
										{% endif %}
										{% if links_value.link_name %}
											{{ links_value.name }}
										{% endif %}
									</a></div>
								{% else %}
									<a class = "view0_noproduct" >
										{% if links_value.image %}
											<img src="{{ links_value.image }}" alt="{{ links_value.name }}" class="img-thumbnail" />
										{% endif %}
										{% if links_value.link_name %}
											{{ links_value.name }}
										{% endif %}
									</a>
								{% endif %}
							  </label>
							</div>
						{% endif %}
					{% endfor %}
				{% elseif option.value == '1' %}
					{% for links_value in links[option.product_option_id] %}
						{% if ((option.product_option_id==links_value.product_option_id) and ((not module_ProductOptionLink_on_off_stock) or (not (links_value.quantity=='0')))) %}
							  <label class="text-center" style="display: inline-block;">
								{% if links_value.product_id == product_id %}
									<a class = "view1_product" style="pointer-events:none" >
										{% if links_value.link_name %}
											<span class="form-control view1_product">{{ links_value.name }}</span>
										{% endif %}
										{% if links_value.image %}
											<img src="{{ links_value.image }}" alt="{{ links_value.name }}" class="img-thumbnail" />
										{% endif %}
									</a>
								{% elseif (not (links_value.product_id == 0)) %}
									<p data-toggle="tooltip" title="{{ links_value.links_name }}">
									<a class = "view1_link" href="{{ links_value.href }}" >
										{% if links_value.link_name %}
											<span class="form-control view1_link">{{ links_value.name }}</span>
										{% endif %}
										{% if links_value.image %}
											<img src="{{ links_value.image }}" alt="{{ links_value.name }}" class="img-thumbnail" />
										{% endif %}
									</a></p>
								{% else %}
									<a class = "view1_noproduct" >
										{% if links_value.link_name %}
											<span class="form-control view1_noproduct">{{ links_value.name }}</span>
										{% endif %}
										{% if links_value.image %}
											<img src="{{ links_value.image }}" alt="{{ links_value.name }}" class="img-thumbnail" />
										{% endif %}
									</a>
								{% endif %}
							  </label>
						{% endif %}
					{% endfor %}
				{% elseif option.value == '2' %}
					<select onchange="if (options [selectedIndex].value) { window.location.href=options [selectedIndex].value }" class="form-control">
						<option value="">{{ text_no_select }}</option>
						{% for links_value in links[option.product_option_id] %}
							{% if ((option.product_option_id==links_value.product_option_id) and ((not module_ProductOptionLink_on_off_stock) or (not (links_value.quantity=='0')))) %}
								{% if links_value.product_id == product_id %}
									<option selected value="">{{ links_value.name }}</option>
								{% elseif (not (links_value.product_id == 0)) %}
									<option value="{{ links_value.href }}">
										{{ links_value.name }} - {{ links_value.links_price }}
									</option>
								{% else %}
									<option value="">{{ links_value.name }}</option>
								{% endif %}
							{% endif %}
						{% endfor %}
					</select>
				{% elseif option.value == '3' %}
					<table class="table table-bordered table-hover">
						<thead>
							<tr class="style_name">
								<td class="text-center">{{ option.name }}</td>
								<td class="text-center">{{ text_model }}</td>
								<td class="text-center">{{ text_link_name }}</td>
								<td class="text-center">{{ text_stock }}</td>
								<td class="text-center">{{ text_link_price }}</td>
							</tr>
						</thead>

						<tbody>
							{% for links_value in links[option.product_option_id] %}
								{% if ((option.product_option_id==links_value.product_option_id) and ((not module_ProductOptionLink_on_off_stock) or (not (links_value.quantity=='0')))) %}
									{% if links_value.product_id == product_id %}
										<tr class = "view3_product">
											<td class="text-center" >
												{% if links_value.image %}
													<img src="{{ links_value.image }}" alt="{{ links_value.name }}" class="img-thumbnail" />
												{% endif %}
												{% if links_value.link_name %}
													{{ links_value.name }}
												{% endif %}
											</td>
											<td class="text-center">
												{{ links_value.links_model }}
											</td>
											<td class="text-center">
												{{ links_value.links_name }}
											</td>
											<td class="text-center">
												{% if links_value.quantity <= '0' %}
													{{ links_value.links_stock_status }}
												{% else %}
													{{ text_instock }}
												{% endif %}
											</td>
											<td class="text-center">
												{{ links_value.links_price }}
											</td>
										</tr>
									{% elseif (not (links_value.product_id == 0)) %}
										<tr class = "view3_link" onclick="window.location.href='{{ links_value.href }}'">
											<td class="text-center" >
												{% if links_value.image %}
													<img src="{{ links_value.image }}" alt="{{ links_value.name }}" class="img-thumbnail" />
												{% endif %}
												{% if links_value.link_name %}
													{{ links_value.name }}
												{% endif %}
											</td>
											<td class="text-center">
												{{ links_value.links_model }}
											</td>
											<td class="text-center">
												{{ links_value.links_name }}
											</td>
											<td class="text-center">
												{% if links_value.quantity <= '0' %}
													{{ links_value.links_stock_status }}
												{% else %}
													{{ text_instock }}
												{% endif %}
											</td>
											<td class="text-center">
												{{ links_value.links_price }}
											</td>
										</tr>
									{% else %}
										<tr class = "view3_noproduct">
											<td class="text-center" >
												{% if links_value.image %}
													<img src="{{ links_value.image }}" alt="{{ links_value.name }}" class="img-thumbnail" />
												{% endif %}
												{% if links_value.link_name %}
													{{ links_value.name }}
												{% endif %}
											</td>
											<td class="text-center">
												{{ links_value.links_model }}
											</td>
											<td class="text-center">
												{{ links_value.links_name }}
											</td>
											<td class="text-center">
												{% if links_value.quantity <= '0' %}
													{{ links_value.links_stock_status }}
												{% else %}
													{{ text_instock }}
												{% endif %}
											</td>
											<td class="text-center">
												{{ links_value.links_price }}
											</td>
										</tr>
									{% endif %}
								{% endif %}
							{% endfor %}
						</tbody>
					</table>
				{% endif %}
			  </div>
            {% endif %}
				]]></add>
		</operation>
		<operation error="skip">
			<search><![CDATA[{% if (option['type'] == 'select') %}]]></search>
				<add position="before"><![CDATA[
			{% if option.type == 'link' and module_ProductOptionLink_status %}
			  <div class="form-group">
				{% if option.value != '3' %}
					<div><label class="control-label style_name">{{ option.name }}</label></div>
				{% endif %}
				{% if option.value == '0' %}
					{% for links_value in links[option.product_option_id] %}
						{% if ((option.product_option_id==links_value.product_option_id) and ((not module_ProductOptionLink_on_off_stock) or (not (links_value.quantity=='0')))) %}
							<div>
							  <label class="text-center">
								{% if links_value.product_id == product_id %}
									<a class = "view0_product" style="pointer-events:none" >
										{% if links_value.image %}
											<img src="{{ links_value.image }}" alt="{{ links_value.name }}" class="img-thumbnail view0_product" />
										{% endif %}
										{% if links_value.link_name %}
											{{ links_value.name }}
										{% endif %}
									</a>
								{% elseif (not (links_value.product_id == 0)) %}
									<div data-toggle="tooltip" title="{{ links_value.links_name }}">
									<a class = "view0_link" href="{{ links_value.href }}" >
										{% if links_value.image %}
											<img src="{{ links_value.image }}" alt="{{ links_value.name }}" class="img-thumbnail view0_link" />
										{% endif %}
										{% if links_value.link_name %}
											{{ links_value.name }}
										{% endif %}
									</a></div>
								{% else %}
									<a class = "view0_noproduct" >
										{% if links_value.image %}
											<img src="{{ links_value.image }}" alt="{{ links_value.name }}" class="img-thumbnail view0_noproduct" />
										{% endif %}
										{% if links_value.link_name %}
											{{ links_value.name }}
										{% endif %}
									</a>
								{% endif %}
							  </label>
							</div>
						{% endif %}
					{% endfor %}
				{% elseif option.value == '1' %}
					{% for links_value in links[option.product_option_id] %}
						{% if ((option.product_option_id==links_value.product_option_id) and ((not module_ProductOptionLink_on_off_stock) or (not (links_value.quantity=='0')))) %}
							  <label class="text-center" style="display: inline-block;">
								{% if links_value.product_id == product_id %}
									<a style="pointer-events:none" >
										{% if links_value.link_name %}
											<span class="form-control view1_product">{{ links_value.name }}</span>
										{% endif %}
										{% if links_value.image %}
											<img src="{{ links_value.image }}" alt="{{ links_value.name }}" class="img-thumbnail view1_product" />
										{% endif %}
									</a>
								{% elseif (not (links_value.product_id == 0)) %}
									<p data-toggle="tooltip" title="{{ links_value.links_name }}">
									<a href="{{ links_value.href }}" >
										{% if links_value.link_name %}
											<span class="form-control view1_link">{{ links_value.name }}</span>
										{% endif %}
										{% if links_value.image %}
											<img src="{{ links_value.image }}" alt="{{ links_value.name }}" class="img-thumbnail view1_link" />
										{% endif %}
									</a></p>
								{% else %}
									<a >
										{% if links_value.link_name %}
											<span class="form-control view1_noproduct">{{ links_value.name }}</span>
										{% endif %}
										{% if links_value.image %}
											<img src="{{ links_value.image }}" alt="{{ links_value.name }}" class="img-thumbnail view1_noproduct" />
										{% endif %}
									</a>
								{% endif %}
							  </label>
						{% endif %}
					{% endfor %}
				{% elseif option.value == '2' %}
					<select onchange="if (options [selectedIndex].value) { window.location.href=options [selectedIndex].value }" class="form-control">
						<option value="">{{ text_no_select }}</option>
						{% for links_value in links[option.product_option_id] %}
							{% if ((option.product_option_id==links_value.product_option_id) and ((not module_ProductOptionLink_on_off_stock) or (not (links_value.quantity=='0')))) %}
								{% if links_value.product_id == product_id %}
									<option selected value="">{{ links_value.name }}</option>
								{% elseif (not (links_value.product_id == 0)) %}
									<option value="{{ links_value.href }}">
										{{ links_value.name }} - {{ links_value.links_price }}
									</option>
								{% else %}
									<option value="">{{ links_value.name }}</option>
								{% endif %}
							{% endif %}
						{% endfor %}
					</select>
				{% elseif option.value == '3' %}
					<table class="table table-bordered table-hover">
						<thead>
							<tr class="style_name">
								<td class="text-center">{{ option.name }}</td>
								<td class="text-center">{{ text_model }}</td>
								<td class="text-center">{{ text_link_name }}</td>
								<td class="text-center">{{ text_stock }}</td>
								<td class="text-center">{{ text_link_price }}</td>
							</tr>
						</thead>

						<tbody>
							{% for links_value in links[option.product_option_id] %}
								{% if ((option.product_option_id==links_value.product_option_id) and ((not module_ProductOptionLink_on_off_stock) or (not (links_value.quantity=='0')))) %}
									{% if links_value.product_id == product_id %}
										<tr class = "view3_product">
											<td class="text-center" >
												{% if links_value.image %}
													<img src="{{ links_value.image }}" alt="{{ links_value.name }}" class="img-thumbnail" />
												{% endif %}
												{% if links_value.link_name %}
													{{ links_value.name }}
												{% endif %}
											</td>
											<td class="text-center">
												{{ links_value.links_model }}
											</td>
											<td class="text-center">
												{{ links_value.links_name }}
											</td>
											<td class="text-center">
												{% if links_value.quantity <= '0' %}
													{{ links_value.links_stock_status }}
												{% else %}
													{{ text_instock }}
												{% endif %}
											</td>
											<td class="text-center" nowrap>
												{{ links_value.links_price }}
											</td>
										</tr>
									{% elseif (not (links_value.product_id == 0)) %}
										<tr class = "view3_link" onclick="window.location.href='{{ links_value.href }}'">
											<td class="text-center" >
												{% if links_value.image %}
													<img src="{{ links_value.image }}" alt="{{ links_value.name }}" class="img-thumbnail" />
												{% endif %}
												{% if links_value.link_name %}
													{{ links_value.name }}
												{% endif %}
											</td>
											<td class="text-center">
												{{ links_value.links_model }}
											</td>
											<td class="text-center">
												{{ links_value.links_name }}
											</td>
											<td class="text-center">
												{% if links_value.quantity <= '0' %}
													{{ links_value.links_stock_status }}
												{% else %}
													{{ text_instock }}
												{% endif %}
											</td>
											<td class="text-center" nowrap>
												{{ links_value.links_price }}
											</td>
										</tr>
									{% else %}
										<tr class = "view3_noproduct">
											<td class="text-center" >
												{% if links_value.image %}
													<img src="{{ links_value.image }}" alt="{{ links_value.name }}" class="img-thumbnail" />
												{% endif %}
												{% if links_value.link_name %}
													{{ links_value.name }}
												{% endif %}
											</td>
											<td class="text-center">
												{{ links_value.links_model }}
											</td>
											<td class="text-center">
												{{ links_value.links_name }}
											</td>
											<td class="text-center">
												{% if links_value.quantity <= '0' %}
													{{ links_value.links_stock_status }}
												{% else %}
													{{ text_instock }}
												{% endif %}
											</td>
											<td class="text-center" nowrap>
												{{ links_value.links_price }}
											</td>
										</tr>
									{% endif %}
								{% endif %}
							{% endfor %}
						</tbody>
					</table>
				{% endif %}
			  </div>
            {% endif %}
				]]></add>
		</operation>
	</file>
</modification>