<modification>
	<name>Apply Button</name>
	<code>apply_button.ocmod</code>
	<author>seregin-pro</author>
	<version>1.3</version>
	<link>http://seregin-pro.ru/</link>
	<modif>mars1an http://forum.opencart-russia.ru/members/mars1an.611/</modif>

	<!-- language -->

	<file path="admin/language/en*/en*.php">
		<operation>
			<search><![CDATA[
				$_['button_delete']
			]]></search>
			<add position="before"><![CDATA[
				$_['button_apply'] = "Apply";
			]]></add>
		</operation>
	</file>

	<file path="admin/language/ru*/ru*.php">
		<operation>
			<search><![CDATA[
				$_['button_delete']
			]]></search>
			<add position="before"><![CDATA[
				$_['button_apply'] = "Применить";
			]]></add>
		</operation>
	</file>

	<!-- view -->

	<file path="admin/view/template/*/*_form.tpl|admin/view/template/setting/setting.tpl|admin/view/template/module/*.tpl">
		<operation>
			<search><![CDATA[
				<i class="fa fa-save"></i></button>
			]]></search>
			<add position="after"><![CDATA[
				<button onclick="$('#content #apply').attr('value', '1'); $('#' + $('#content form').attr('id')).submit();" data-toggle="tooltip" title="<?php echo $button_apply; ?>" class="btn btn-success"><i class="fa fa-check"></i></button>
			]]></add>
		</operation>
		<operation>
			<search index="0"><![CDATA[
				class="form-horizontal">
			]]></search>
			<add position="after"><![CDATA[
				<input type="hidden" name="apply" id="apply" value="0">
			]]></add>
		</operation>
	</file>

	<file path="admin/view/template/extension/module/*.tpl">
		<operation>
			<search><![CDATA[
				<i class="fa fa-save"></i></button>
			]]></search>
			<add position="after"><![CDATA[
				<button onclick="$('#content #apply').attr('value', '1'); $('#' + $('#content form').attr('id')).submit();" data-toggle="tooltip" title="<?php echo $button_apply; ?>" class="btn btn-success"><i class="fa fa-check"></i></button>
			]]></add>
		</operation>
		<operation>
			<search index="0"><![CDATA[
				<div class="form-group">
			]]></search>
			<add position="before"><![CDATA[
				<input type="hidden" name="apply" id="apply" value="0">
			]]></add>
		</operation>
	</file>

	<!-- controller -->

	<file path="admin/controller/{catalog,customer,design,localisation,marketing,module,sale,setting,user,newsblog}/*.php">
		<operation>
			<search><![CDATA[$this->response->redirect($this->url->link(]]></search>
			<add position="before"><![CDATA[
				if (isset($this->request->get['route'])) {
					$get = explode("/", $this->request->get['route']);
					$folder = $get[0];
					$file = $get[1];
					
					if ($file == 'user_permission') {
						$table = 'user_group';
					} else {
						if($folder == 'module') {
							$table = 'module';
						}
						elseif($folder == 'newsblog') {
							$table = $folder.'_'.$file;
						} else {
							$table = $file;
						}
					}
					$this->load->model('setting/setting');
					if ($file == 'user_permission' || $folder == 'module') {
						$id = $this->model_setting_setting->getLastId($table, $table);
					} else {
						$id = $this->model_setting_setting->getLastId($table, $file);
					}

					if ($folder != 'module') {
						if ($file == 'setting') {
							$route = 'setting/store';
							$editroute = 'setting/setting';
						} else {
							$route = $folder.'/'.$file;
							$editroute = $folder.'/'.$file.'/edit';
						}
					} else {
						$route = $folder.'/'.$file;
						$editroute = $folder.'/'.$file;
					}
					
					if (!isset($url)) $url = '';

					if(($folder != 'module') && ($folder != 'newsblog')) {
						if (($file != 'setting') && (isset($this->request->get[$table.'_id']) || isset($id))) {
							$url .= '&'.$table.'_id='.(isset($this->request->get[$table.'_id']) ? $this->request->get[$table.'_id'] : $id);
						}
					}
					elseif($folder == 'newsblog') {
						$url .= '&'.$file.'_id='.(isset($this->request->get[$file.'_id']) ? $this->request->get[$file.'_id'] : $id);
					}
					else{
						$url .= '&module_id='.(isset($this->request->get['module_id']) ? $this->request->get['module_id'] : $id);
					}
					if (isset($this->request->post['apply']) && $this->request->post['apply'] == '1') {
						$this->response->redirect($this->url->link($editroute, 'token=' . $this->session->data['token'] . $url, (version_compare(VERSION, '2.2.0.0') >= 0) ? true : 'SSL'));
					} else {
						if($folder != 'module') {
							$this->response->redirect($this->url->link($route, 'token=' . $this->session->data['token'] . $url, (version_compare(VERSION, '2.2.0.0') >= 0) ? true : 'SSL'));
						}
					}
				}
			]]></add>
		</operation>
		<operation>
			<search><![CDATA[$data['heading_title']]]></search>
			<add position="before"><![CDATA[$data['button_apply'] = $this->language->get('button_apply');]]></add>
		</operation>
	</file>

	<file path="admin/controller/extension/{catalog,customer,design,localisation,marketing,module,sale,setting,user,newsblog}/*.php">
		<operation>
			<search><![CDATA[$this->response->redirect($this->url->link(]]></search>
			<add position="before"><![CDATA[
				if (isset($this->request->get['route'])) {
					$get = explode("/", $this->request->get['route']);
					if ($get[0] == 'extension') {
						$ext = $get[0];
						$folder = $get[1];
						$file = $get[2];
					} else {
						$folder = $get[0];
						$file = $get[1];
					}
					if ($file == 'user_permission') {
						$table = 'user_group';
					} else {
						if($folder == 'module'){
							$table = 'module';
						}
						elseif($folder == 'newsblog') {
							$table = $folder.'_'.$file;
						} else {
							$table = $file;
						}
					}
					$this->load->model('setting/setting');
					if ($file == 'user_permission' || $folder == 'module') {
						$id = $this->model_setting_setting->getLastId($table, $table);
					} else {
						$id = $this->model_setting_setting->getLastId($table, $file);
					}

					if ($folder != 'module') {
						if ($file == 'setting') {
							$route = 'setting/store';
							$editroute = 'setting/setting';
						} else {
							$route = $folder.'/'.$file;
							$editroute = $folder.'/'.$file.'/edit';
						}
					} else {
						if (isset($ext)) {
							$route = 'extension/'.$folder.'/'.$file;
							$editroute = 'extension/'.$folder.'/'.$file;
						} else {
							$route = $folder.'/'.$file;
							$editroute = $folder.'/'.$file;
						}
					}

					if (!isset($url)) $url = '';

					if(($folder != 'module') && ($folder != 'newsblog')) {
						if (($file != 'setting') && (isset($this->request->get[$table.'_id']) || isset($id))) {
							$url .= '&'.$table.'_id='.(isset($this->request->get[$table.'_id']) ? $this->request->get[$table.'_id'] : $id);
						}
					}
					elseif($folder == 'newsblog') {
						$url .= '&'.$file.'_id='.(isset($this->request->get[$file.'_id']) ? $this->request->get[$file.'_id'] : $id);
					} else {
						$url .= '&module_id='.(isset($this->request->get['module_id']) ? $this->request->get['module_id'] : $id);
					}
					if (isset($this->request->post['apply']) && $this->request->post['apply'] == '1') {
						$this->response->redirect($this->url->link($editroute, 'token=' . $this->session->data['token'] . $url, true));
					} else {
						if($folder != 'module') {
							$this->response->redirect($this->url->link($route, 'token=' . $this->session->data['token'] . $url, true));
						}
					}
				}
			]]></add>
		</operation>
		<operation>
			<search><![CDATA[$data['heading_title']]]></search>
			<add position="before"><![CDATA[$data['button_apply'] = $this->language->get('button_apply');]]></add>
		</operation>
	</file>

	<!-- model -->

	<file path="admin/model/setting/setting.php">
		<operation>
			<search><![CDATA[ModelSettingSetting extends Model {]]></search>
			<add position="after"><![CDATA[
				public function getLastId($table, $file) {
					$query = $this->db->query("SELECT " . $file . "_id AS id FROM " . DB_PREFIX . $table . " ORDER BY " . $file . "_id DESC LIMIT 1");
					
					if (isset($query->row['id'])) {
						return $query->row['id'];
					} else {
						return false;
					}
				}
			]]></add>
		</operation>
	</file>

</modification>
