<?xml version="1.0" encoding="UTF-8"?>
<modification>
	<name>Price View in Product List</name>
	<code>Price-view-category</code>
	<version>3.0</version>
	<author>https://ocmod.net</author>
	<link>https://ocmod.net</link>

    <file path="catalog/controller/product/{category,special,manufacturer,search}*.php">
		<operation>
			<search><![CDATA[           
           public function index() {
           ]]></search>
			<add position="after"><![CDATA[
			$this->document->addStyle('catalog/view/theme/default/stylesheet/priceview.css');
			$this->document->addScript('catalog/view/javascript/priceview.js');
			]]></add>
		</operation>				
    </file>
	
    <file path="catalog/language/{ru-ru,uk-ua,ua-uk}/product/{category,special,manufacturer,search}*.php">
		<operation>
			<search><![CDATA[
            $_['text_limit']
            ]]></search>
			<add position="before"><![CDATA[				
			$_['button_price'] = 'Прайслист';
			]]></add>
		</operation>			
    </file>
	
    <file path="catalog/language/en-gb/product/{category,special,manufacturer,search}*.php">
		<operation>
			<search><![CDATA[
            $_['text_search']
            ]]></search>
			<add position="before"><![CDATA[				
			$_['button_price'] = 'Price list';
			]]></add>
		</operation>			
    </file>
	
	<file path="catalog/view/theme/*/template/product/{category,special,manufacturer_info,search}*.twig">
		<operation>
			<search><![CDATA[
            <button type="button" id="list-view" class="btn btn-default" data-toggle="tooltip" title="{{ button_list }}"><i class="fa fa-th-list"></i></button>
            ]]></search>
			<add position="replace"><![CDATA[				
			<button type="button" id="list-view-new" class="btn btn-default" data-toggle="tooltip" title="{{ button_list }}"><i class="fa fa-th-list"></i></button>
			]]></add>
		</operation>
		<operation>
			<search><![CDATA[           
            <button type="button" id="grid-view" class="btn btn-default" data-toggle="tooltip" title="{{ button_grid }}"><i class="fa fa-th"></i></button>]]></search>
			<add position="replace"><![CDATA[<button type="button" id="grid-view-new" class="btn btn-default" data-toggle="tooltip" title="{{ button_grid }}"><i class="fa fa-th"></i></button>
			<button type="button" id="price-view" class="btn btn-default" data-toggle="tooltip" title="{{ button_price }}"><i class="fa fa-file-text-o"></i></button>
			]]></add>
		</operation>				
	</file>	
</modification>