<?xml version="1.0" encoding="UTF-8"?>
<modification>
    <id>smartsearch</id>
    <version>1.0.7</version>
    <author>Anton</author>
    <link>pol-kilo88@mail.ru</link>
    <file path="catalog/controller/common/footer.php" error="skip">
        <operation error="skip">
            <search position="after"><![CDATA[function index() {]]></search>
            <add><![CDATA[ 
            $this->data['smartsearch'] = false;
            $this->data['smartsearch_field'] = '';
            if ($this->config->get('smartsearch_status')) {                
                $this->data['smartsearch'] = true;  

                if ($this->config->get('smartsearch_field')) {
                    $this->data['smartsearch_field'] = htmlspecialchars_decode($this->config->get('smartsearch_field'));
                } else {
                    $this->data['smartsearch_field'] = '#header input[name="search"]';
                }                     

            }
            ]]></add>
        </operation> 
    </file>
    <file path="catalog/view/theme/*/template/common/footer.tpl" error="skip">
        <operation error="skip">
            <search position="before"><![CDATA[</body>]]></search>
            <add><![CDATA[    
            <?php if ($smartsearch) { ?>        
            <link href="catalog/view/theme/default/stylesheet/smartsearch.css" type="text/css" rel="stylesheet"/>

            <script type="text/javascript"> 

                 $(document).on('keyup', '<?php echo $smartsearch_field; ?>', function(e) {
                    if (e.keyCode == 40 || e.keyCode == 38) {
                        return;
                    }

                    var search = $(this).val();
                    var input = $(this);

                    $.ajax({
                        url: 'index.php?route=module/smartsearch',
                        type: 'post',
                        data: 'search=' + search,
                        dataType: 'json',
                        beforeSend: function() {                                    
                        },
                        complete: function() {                                    
                        },
                        success: function(json) {
                        //alert(json)

                        if (input.parent().find('.smartsearch').length == 0) {
                            input.after('<div class="smartsearch"></div>');
                        }

                        
                        if (json['html']) {
                            $('.smartsearch').html(json['html']);
                            $('.smartsearch').show();
                        } else {
                            $('.smartsearch').html('');
                            $('.smartsearch').hide();
                        }
                        
                        
                        },
                        error: function(xhr, ajaxOptions, thrownError) {
                        //alert(thrownError + " " + xhr.statusText + " " + xhr.responseText);
                        }
                    });

                });


                $(document).on('keyup', '<?php echo $smartsearch_field; ?>', function(e) {
                    var smartsearch = $(this).parent().find('.smartsearch');
                    if (e.keyCode == 40) {
                        if (smartsearch.find('.item').length > 0) {
                            if (smartsearch.find('.item.current').length == 0) {                                        
                                smartsearch.find('.item').first().addClass('current')
                            } else {
                                var el = smartsearch.find('.item.current');
                                el.removeClass('current');
                                if (el.next().length == 0) {
                                    smartsearch.find('.item').first().addClass('current')
                                } else {
                                    el.next().addClass('current');
                                }                                        
                            }
                            $(this).val(smartsearch.find('.item.current').attr('search_name'));

                        }                                
                    }
                    if (e.keyCode == 38) {
                        if (smartsearch.find('.item').length > 0) {
                            if (smartsearch.find('.item.current').length == 0) {                                    
                                smartsearch.find('.item').last().addClass('current')
                            } else {
                                var el = smartsearch.find('.item.current');
                                el.removeClass('current');
                                if (el.prev().length == 0) {
                                    smartsearch.find('.item').last().addClass('current')
                                } else {
                                    el.prev().addClass('current');
                                }                                        
                            }
                            $(this).val(smartsearch.find('.item.current').attr('search_name'));
                        }
                    }
                });


               

                $(document).on('focus', '<?php echo $smartsearch_field; ?>', function(e) {  
                    var smartsearch = $(this).parent().find('.smartsearch');
                    if (smartsearch.find('.items>.item').length > 0) {
                        smartsearch.show();
                    }
                }); 

                $(document).mouseup(function (e) {
                    var container = $('<?php echo $smartsearch_field; ?>');                    
                    if (!container.is(e.target) && container.has(e.target).length === 0) { 
                        container.parent().find('.smartsearch').hide();
                    }
                });

            </script>
            <?php } ?>
            ]]></add>
        </operation>
    </file>
    <file name="catalog/controller/product/search.php" error="skip">
        <operation error="skip">
            <search position="after"><![CDATA[$this->load->model('catalog/product');]]></search>
            <add><![CDATA[
            if ($this->config->get('smartsearch_search_engine')) {
                $this->load->model('module/smartsearch');
            } else {
                $this->load->model('catalog/product');
            }
            ]]></add>
        </operation> 
        <operation error="skip">
            <search position="replace"><![CDATA[$sort = 'p.sort_order';]]></search>
            <add><![CDATA[
            if ($this->config->get('smartsearch_search_engine')) {
                $sort = '';
            } else {
                $sort = 'p.sort_order';
            }
            ]]></add>
        </operation>
        <operation error="skip">
            <search position="replace"><![CDATA[$product_total = $this->model_catalog_product->getTotalProducts($data);]]></search>
            <add><![CDATA[
            if ($this->config->get('smartsearch_search_engine')) {
                $product_total = $this->model_module_smartsearch->getProductsPageTotal($data);
            } else {
                $product_total = $this->model_catalog_product->getTotalProducts($data);
            }
            ]]></add>
        </operation>
        <operation error="skip">
            <search position="replace"><![CDATA[$results = $this->model_catalog_product->getProducts($data);]]></search>
            <add><![CDATA[
            if ($this->config->get('smartsearch_search_engine')) {
                $results = $this->model_module_smartsearch->getProductsPage($data);
            } else {
                $results = $this->model_catalog_product->getProducts($data);
            } 
            ]]></add>
        </operation>
    </file>

</modification>