﻿<?xml version="1.0" encoding="UTF-8"?>
<modification>
    <name>Opencart Count user</name>
    <code>Count user</code>
    <version>1.0.0</version>
	<link>mailto:genodessa@gmail.com</link>
    <author>GEN2023</author>
    <file path="catalog/controller/common/footer.php">
		<operation>
		  <search><![CDATA[public function index() {]]></search>
		  <add position="after"><![CDATA[
				$this->load->controller('extension/module/count_user');
			]]></add>
		</operation>
	</file>
	<file path="catalog/controller/information/uni_news_story.php">
		<operation>
		  <search><![CDATA[$this->response->setOutput($this->load->view('information/uni_news_story', $data));]]></search>
		  <add position="before"><![CDATA[
				$data['viewed']=$this->load->controller('extension/module/count_user_news');
			]]></add>
		</operation>
	</file>
	<file path="catalog/controller/product/manufacturer.php">
		<operation>
		  <search><![CDATA[public function info() {]]></search>
		  <add position="after"><![CDATA[
				$this->load->controller('extension/module/count_user_manufacturer');
			]]></add>
		</operation>
	</file>
	<file path="catalog/view/theme/default/template/product/manufacturer.twig">
		<operation>
		  <search><![CDATA[{{ content_bottom }}]]></search>
		  <add position="before"><![CDATA[
				<div class="news-page__posted">
						<i class="fa fa-eye" aria-hidden="true"></i>{{ viewed }}
					</div>
			]]></add>
		</operation>
	</file>
</modification>