<?xml version="1.0" encoding="utf-8"?>
<modification>
  <name>Мультиязычные настройки</name>
  <code>multilingual_settings</code>
  <version>2.3.1</version>
  <author>https://ocmod.net</author>
  <link>https://ocmod.net</link>

<!-- ADMIN -->
<!-- common -->
<file path="admin/{controller,model,controller/extension,model/extension}/*/*.php">
	<operation error="skip">                                     
      <ignoreif regex="false"><![CDATA[class ControllerSettingSetting extends Controller {]]></ignoreif>
      <search regex="true"><![CDATA[~(\$this->config->get\(\')(config_)(name|address|email|geocode|telephone|fax|open|comment|descriptor)(\'\))~]]></search>
      <add><![CDATA[(is_array($this->config->get('$2$3')))?$1$2$3$4[(int)$this->config->get('config_language_id')]:$1$2$3$4]]></add>
    </operation> 
</file>
<file path="admin/controller/sale/order.php">
	<operation>
      <search regex="true"><![CDATA[~(\$store_info\[\')(config_)(name|address|email|geocode|telephone|fax|open|comment|descriptor)(\'\])~]]></search>
      <add><![CDATA[(is_array($1$2$3$4))?$1$2$3$4[(int)$this->config->get('config_language_id')]:$1$2$3$4]]></add>
    </operation> 
</file>      

<!-- setting controller -->   
<file path="admin/controller/setting/{setting,store}.php"> 
	<operation>
      <search trim="true"><![CDATA[if ((utf8_strlen($this->request->post['config_owner']) < 3) || (utf8_strlen($this->request->post['config_owner']) > 64)) {]]></search>
      <add position="replace"><![CDATA[
        if (is_array($this->request->post['config_owner'])){
          foreach ($this->request->post['config_owner'] as $language_id => $value) {
            if ((utf8_strlen($value) < 3) || (utf8_strlen($value) > 64)) {
              $this->error['owner'][$language_id] = $this->language->get('error_owner');
            }
          }
        } elseif ((utf8_strlen($this->request->post['config_owner']) < 3) || (utf8_strlen($this->request->post['config_owner']) > 64)) {]]></add>
    </operation>      
	<operation>
      <search trim="true"><![CDATA[if ((utf8_strlen($this->request->post['config_address']) < 3) || (utf8_strlen($this->request->post['config_address']) > 256)) {]]></search>
      <add position="replace"><![CDATA[
        if (is_array($this->request->post['config_address'])) {
          foreach ($this->request->post['config_address'] as $language_id => $value) {
            if ((utf8_strlen($value) < 3) || (utf8_strlen($value) > 256)) {  
              $this->error['address'][$language_id] = $this->language->get('error_address');
            } 
          } 
        } elseif ((utf8_strlen($this->request->post['config_address']) < 3) || (utf8_strlen($this->request->post['config_address']) > 256)) {]]></add>
    </operation>         
	<operation>
      <search trim="true"><![CDATA[if ((utf8_strlen($this->request->post['config_email']) > 96) || !filter_var($this->request->post['config_email'], FILTER_VALIDATE_EMAIL)) {]]></search>
      <add position="replace"><![CDATA[
        if (is_array($this->request->post['config_email'])) {
          foreach ($this->request->post['config_email'] as $language_id => $value) {
            if ((utf8_strlen($value) > 96) || !filter_var($value, FILTER_VALIDATE_EMAIL)) {  
              $this->error['email'][$language_id] = $this->language->get('error_email');
            }  
          }
        } elseif ((utf8_strlen($this->request->post['config_email']) > 96) || !filter_var($this->request->post['config_email'], FILTER_VALIDATE_EMAIL)) {]]></add>
    </operation>          
	<operation>
      <search trim="true"><![CDATA[if ((utf8_strlen($this->request->post['config_telephone']) < 3) || (utf8_strlen($this->request->post['config_telephone']) > 32)) {]]></search>
      <add position="replace"><![CDATA[ 
        if (is_array($this->request->post['config_telephone'])) {
          foreach ($this->request->post['config_telephone'] as $language_id => $value) {
            if ((utf8_strlen($value) < 3) || (utf8_strlen($value) > 64)) {
              $this->error['telephone'][$language_id] = $this->language->get('error_telephone');
            }   
          }
        } elseif ((utf8_strlen($this->request->post['config_telephone']) < 3) || (utf8_strlen($this->request->post['config_telephone']) > 64)) {]]></add>
    </operation>    
</file>
<!-- end of setting controller -->

<!-- store model -->
<file path="admin/model/setting/store.php"> 
	<operation>
      <search regex="true"><![CDATA[~\$data\['config_name'\]~]]></search>
      <add position="replace"><![CDATA[is_array($data['config_name']) ? $data['config_name'][$this->config->get('config_language_id')] : $data['config_name'] ]]></add>
    </operation>    
</file>
<!-- end of store model -->

<!-- setting view -->
<file path="admin/view/template/setting/{setting,store_form}.twig">
	<operation>
      <search trim="true"><![CDATA[<div class="tab-pane active" id="tab-general">]]></search>
      <add position="after"><![CDATA[
        <ul class="nav nav-tabs" id="general-language">
          {% for language in languages %}
          <li><a href="#general-language{{ language.language_id }}" data-toggle="tab"><img src="language/{{ language.code }}/{{ language.code }}.png" title="{{ language.name }}" /> {{ language.name }}</a></li>
          {% endfor %}
        </ul>
        <div class="tab-content">
          {% for language in languages %}
          <div class="tab-pane" id="general-language{{ language.language_id }}">             
      ]]></add>
    </operation>     
	<operation>
      <search trim="true"><![CDATA[<label class="col-sm-2 control-label" for="input-theme">{{ entry_theme }}</label>]]></search>
      <add position="before" offset="1"><![CDATA[
          </div>
          {% endfor %}
        </div>        
      ]]></add>
    </operation>   
	<operation>
      <search trim="true"><![CDATA[<div class="tab-pane" id="tab-store">]]></search>
      <add position="after"><![CDATA[
        <ul class="nav nav-tabs" id="store-language">
          {% for language in languages %}
          <li><a href="#store-language{{ language.language_id }}" data-toggle="tab"><img src="language/{{ language.code }}/{{ language.code }}.png" title="{{ language.name }}" /> {{ language.name }}</a></li>
          {% endfor %}
        </ul>
        <div class="tab-content">
          {% for language in languages %}
          <div class="tab-pane" id="store-language{{ language.language_id }}">                
      ]]></add>
    </operation> 
	<operation>
      <search regex="true"><![CDATA[~.*(id="input-image"|for="input-image").*~]]></search>
      <add><![CDATA[]]></add>
    </operation> 
	<operation>
      <search regex="true"><![CDATA[~.*(id="thumb-image").*~]]></search>
      <add><![CDATA[<div class="col-sm-10">]]></add>
    </operation>         
	<operation>
      <search trim="true"><![CDATA[{% if locations %}]]></search>
      <add position="before"><![CDATA[
          </div>
          {% endfor %}
        </div>
              <div class="form-group">
                <label class="col-sm-2 control-label" for="input-image">{{ entry_image }}</label>
                <div class="col-sm-10"><a href="" id="thumb-image" data-toggle="image" class="img-thumbnail"><img src="{{ thumb }}" alt="" title="" data-placeholder="{{ placeholder }}" /></a>
                  <input type="hidden" name="config_image" value="{{ config_image }}" id="input-image" />
                </div>
              </div>             
      ]]></add>
    </operation>            
	<operation>
      <search regex="true"><![CDATA[
        ~(input-meta-title|input-meta-description|input-meta-keyword|input-name|input-owner|input-address|input-geocode|input-email|input-telephone|input-fax|input-open|input-comment|input-descriptor)~
      ]]></search>
      <add><![CDATA[$1{{ language.language_id }}]]></add>
    </operation>     
	<operation>
      <search regex="true"><![CDATA[
        ~(config_meta_title|config_meta_description|config_meta_keyword|config_name|config_owner|config_address|config_geocode|config_email|config_telephone|config_fax|config_open|config_comment|config_descriptor)(\")~
      ]]></search>
      <add><![CDATA[$1[{{ language.language_id }}]$2]]></add>
    </operation>      
	<operation>
      <search regex="true"><![CDATA[
        ~(\{\{\s*?)(config_meta_title|config_meta_description|config_meta_keyword|config_name|config_owner|config_address|config_geocode|config_email|config_telephone|config_fax|config_open|config_comment|config_descriptor)~
      ]]></search>
      <add><![CDATA[$1($2 is iterable)?$2[language.language_id]:$2]]></add>
    </operation>        
	<operation>
      <search regex="true"><![CDATA[
        ~(if\s*?)(error_owner|error_address|error_email|error_telephone)~
      ]]></search>
      <add><![CDATA[$1 $2[language.language_id]]]></add>
    </operation>         
	<operation>
      <search regex="true"><![CDATA[
        ~(\{\{\s*?)(error_owner|error_address|error_email|error_telephone)~
      ]]></search>
      <add><![CDATA[$1$2[language.language_id]]]></add>
    </operation>               
	<operation>
      <search trim="true"><![CDATA[{{ footer }} ]]></search>
      <add position="before"><![CDATA[
          <script type="text/javascript"><!--
        $('#general-language a:first').tab('show');
        $('#store-language a:first').tab('show');
        //--></script>      
      ]]></add>
    </operation>    
  </file>
<!-- end of setting view -->
 
  
<file path="catalog/{controller,model,controller/extension,model/extension}/*/*.php">
	<operation error="skip">
      <search regex="true"><![CDATA[~(\$this->config->get\(\')(config_)(name|address|email|geocode|telephone|fax|open|comment|meta_title|meta_keyword|meta_description|descriptor)(\'\))~]]></search>
      <add><![CDATA[(is_array($this->config->get('$2$3')))?$1$2$3$4[(int)$this->config->get('config_language_id')]:$1$2$3$4]]></add>
    </operation> 
</file>    

<file path="catalog/controller/mail/order.php">
	<operation error="skip">
      <search trim="true"><![CDATA[// Admin Alert Mail]]></search>
      <add position="before"><![CDATA[
	  private function isJSON($string) {
		 json_decode($string);
		 return (json_last_error() == JSON_ERROR_NONE);	  
	  }
	  ]]></add>
    </operation> 
	<operation error="skip">
      <search trim="true"><![CDATA[$from = $this->model_setting_setting->getSettingValue('config_email', $order_info['store_id']);]]></search>
      <add position="after"><![CDATA[
	  $from = $this->isJSON($from) ? json_decode($from, true)[(int)$this->config->get('config_language_id')] : $from;
	  ]]></add>
    </operation> 
</file>  
</modification>