<modification>
    <id>Валюта Плюс</id>
    <version>3.4</version>
    <vqmver>2.4.1</vqmver>
    <author>louise170 (louise@ya.ru)</author>

    <file name="admin/controller/catalog/product.php">
        <operation error="log">
            <search position="before"><![CDATA[
                if (isset($this->request->post['status'])) {
            ]]>
            </search>
            <add><![CDATA[
                if (isset($this->request->post['base_price'])) {
                    $this->data['base_price'] = $this->request->post['base_price'];
                } else if (isset($product_info['base_price'])) {
                    $this->data['base_price'] = $product_info['base_price'];
                } else {
                    $this->data['base_price'] = '';
                }

                if (isset($this->request->post['base_currency_code'])) {
                    $this->data['base_currency_code'] = $this->request->post['base_currency_code'];
                } else if (isset($product_info['base_currency_code']) and $product_info['base_currency_code'] != '') {
                    $this->data['base_currency_code'] = $product_info['base_currency_code'];
                } else {
                    $this->data['base_currency_code'] = $this->config->get('config_currency');
                }

                $this->load->model('localisation/currency');

		        $this->data['currencies'] = $this->model_localisation_currency->getCurrencies();
            ]]>
            </add>
        </operation>

        <operation error="log">
            <search position="before"><![CDATA[
                $this->data['entry_price'] = $this->language->get('entry_price');
            ]]>
            </search>
            <add><![CDATA[
                $this->data['entry_base_price'] = $this->language->get('entry_base_price');
                $this->data['entry_base_currency'] = $this->language->get('entry_base_currency');
            ]]>
            </add>
        </operation>

        <operation error="log">
            <search position="after"><![CDATA[
                'price'                   => $product_option_value['price'],
            ]]>
            </search>
            <add><![CDATA[
                'base_price'         => isset($product_option_value['base_price'])? $product_option_value['base_price'] : '',
            ]]>
            </add>
        </operation>
    </file>


    <file name="admin/view/template/catalog/product_form.tpl">
        <operation error="log">
            <search position="after" offset="1"><![CDATA[
                <td><input type="text" name="price" value="<?php echo $price; ?>" /></td>
            ]]>
            </search>
            <add><![CDATA[
                <tr>
                  <td><?php echo $entry_base_price; ?></td>
                  <td><input type="text" name="base_price" value="<?php echo $base_price; ?>" /></td>
                </tr>
                <tr>
                  <td><?php echo $entry_base_currency; ?></td>
                  <td><select name="base_currency_code">
                      <?php foreach ($currencies as $currency) { ?>
                      <?php if ($currency['code'] == $base_currency_code) { ?>
                      <option value="<?php echo $currency['code']; ?>" selected="selected"><?php echo $currency['title']; ?></option>
                      <?php } else { ?>
                      <option value="<?php echo $currency['code']; ?>"><?php echo $currency['title']; ?></option>
                      <?php } ?>
                      <?php } ?>
                    </select></td>
                </tr>
            ]]>
            </add>
        </operation>

        <operation error="log">
            <search position="replace"><![CDATA[<td class="right"><?php echo $entry_price; ?></td>]]></search>
            <add><![CDATA[<td class="right"><?php echo $entry_price.' / '.$entry_base_price; ?></td>]]></add>
        </operation>

        <operation error="log">
            <search position="replace">
            <![CDATA[
                <input type="text" name="product_option[<?php echo $option_row; ?>][product_option_value][<?php echo $option_value_row; ?>][price]" value="<?php echo $product_option_value['price']; ?>" size="5" /></td>
            ]]>
            </search>
            <add>
            <![CDATA[
                <input type="text" name="product_option[<?php echo $option_row; ?>][product_option_value][<?php echo $option_value_row; ?>][price]" value="<?php echo $product_option_value['price']; ?>" size="5" />
                / <input type="text" name="product_option[<?php echo $option_row; ?>][product_option_value][<?php echo $option_value_row; ?>][base_price]" value="<?php echo $product_option_value['base_price']; ?>" size="5" /></td>
            ]]>
            </add>
        </operation>

        <operation error="log">
            <search position="replace">
            <![CDATA[
                html += '    <input type="text" name="product_option[' + option_row + '][product_option_value][' + option_value_row + '][price]" value="" size="5" /></td>';
            ]]>
            </search>
            <add>
            <![CDATA[
    html += '    <input type="text" name="product_option[' + option_row + '][product_option_value][' + option_value_row + '][price]" value="" size="5" /> / <input type="text" name="product_option[' + option_row + '][product_option_value][' + option_value_row + '][base_price]" value="" size="5" /></td>';
            ]]>
            </add>
        </operation>

        <operation error="log">
            <search position="replace">
            <![CDATA[
                <td class="right"><input type="text" name="product_discount[<?php echo $discount_row; ?>][price]" value="<?php echo $product_discount['price']; ?>" /></td>
            ]]>
            </search>
            <add>
            <![CDATA[
                <td class="right"><input type="text" name="product_discount[<?php echo $discount_row; ?>][price]" value="<?php echo $product_discount['price']; ?>" />
                / <input type="text" name="product_discount[<?php echo $discount_row; ?>][base_price]" value="<?php if (isset($product_discount['base_price'])) echo $product_discount['base_price']; ?>" /></td>
            ]]>
            </add>
        </operation>

        <operation error="log">
            <search position="replace">
            <![CDATA[
                html += '    <td class="right"><input type="text" name="product_discount[' + discount_row + '][price]" value="" /></td>';
            ]]>
            </search>
            <add>
            <![CDATA[
                html += '    <td class="right"><input type="text" name="product_discount[' + discount_row + '][price]" value="" /> / <input type="text" name="product_discount[' + discount_row + '][base_price]" value="" /></td>';
            ]]>
            </add>
        </operation>

        <operation error="log">
            <search position="replace">
            <![CDATA[
                <td class="right"><input type="text" name="product_special[<?php echo $special_row; ?>][price]" value="<?php echo $product_special['price']; ?>" /></td>
            ]]>
            </search>
            <add>
            <![CDATA[
                <td class="right"><input type="text" name="product_special[<?php echo $special_row; ?>][price]" value="<?php echo $product_special['price']; ?>" />
                / <input type="text" name="product_special[<?php echo $special_row; ?>][base_price]" value="<?php if (isset($product_special['base_price'])) echo $product_special['base_price']; ?>" /></td>
            ]]>
            </add>
        </operation>

        <operation error="log">
            <search position="replace">
            <![CDATA[
                html += '    <td class="right"><input type="text" name="product_special[' + special_row + '][price]" value="" /></td>';
            ]]>
            </search>
            <add>
            <![CDATA[
                html += '    <td class="right"><input type="text" name="product_special[' + special_row + '][price]" value="" /> / <input type="text" name="product_special[' + special_row + '][base_price]" value="" /></td>';
            ]]>
            </add>
        </operation>
    </file>


    <file name="admin/language/russian/catalog/product.php">
        <operation error="log">
            <search position="after"><![CDATA[
                <?php
            ]]>
            </search>
            <add>
                <![CDATA[
                $_['entry_base_price']            = 'Базовая цена:';
                $_['entry_base_currency']         = 'Базовая валюта:';
            ]]>
            </add>
        </operation>
    </file>


    <file name="admin/language/ukrainian/catalog/product.php">
        <operation error="log">
            <search position="after"><![CDATA[
                <?php
            ]]>
            </search>
            <add>
                <![CDATA[
                $_['entry_base_price']            = 'Базова ціна:';
                $_['entry_base_currency']         = 'Базова валюта:';
            ]]>
            </add>
        </operation>
    </file>


    <file name="admin/language/english/catalog/product.php">
        <operation error="log">
            <search position="after"><![CDATA[
                <?php
            ]]>
            </search>
            <add>
                <![CDATA[
                $_['entry_base_price']            = 'Base Price:';
                $_['entry_base_currency']         = 'Base Currency:';
            ]]>
            </add>
        </operation>
    </file>


    <file name="admin/model/catalog/product.php">
		<operation error="log">
            <search position="after"><![CDATA[class ModelCatalogProduct extends Model {]]></search>
            <add><![CDATA[
			private function checkMainBasePriceFields() {
				$query1 = $this->db->query("SHOW COLUMNS FROM " . DB_PREFIX . "product WHERE field = 'base_price'");
				$query2 = $this->db->query("SHOW COLUMNS FROM " . DB_PREFIX . "product WHERE field = 'base_currency_code'");
				if (count($query1->rows) > 0 and count($query2->rows) > 0) {
					return true;
				}
				else return false;
			}
			
			private function checkOptionBasePriceFields() {
				$query = $this->db->query("SHOW COLUMNS FROM " . DB_PREFIX . "product_option_value WHERE field = 'base_price'");
				if (count($query->rows) > 0) {
					return true;
				}
				else return false;
			}
	
			private function checkDiscountBasePriceFields() {
				$query = $this->db->query("SHOW COLUMNS FROM " . DB_PREFIX . "product_discount WHERE field = 'base_price'");
				if (count($query->rows) > 0) {
					return true;
				}
				else return false;
			}
			
			private function checkSpecialBasePriceFields() {
				$query = $this->db->query("SHOW COLUMNS FROM " . DB_PREFIX . "product_special WHERE field = 'base_price'");
				if (count($query->rows) > 0) {
					return true;
				}
				else return false;
			}
			]]>
            </add>
        </operation>
		
        <operation error="log">
            <search position="before"><![CDATA[if (isset($data['product_store'])) {]]></search>
            <add><![CDATA[
			if ($this->checkMainBasePriceFields()) {
				$this->db->query("UPDATE `" . DB_PREFIX . "product` 
				SET base_price = '" . (float)$data['base_price'] . "', base_currency_code = '" . $data['base_currency_code'] . "'
				WHERE product_id = ".$product_id);
			}
			]]>
            </add>
        </operation>
		
		<operation error="log">
            <search position="after"><![CDATA[foreach ($product_option['product_option_value'] as $product_option_value) {]]></search>
            <add><![CDATA[
				$str_wtr = '';
				if ($this->checkOptionBasePriceFields() and isset($product_option_value['base_price'])) {
					$str_wtr = "base_price = '" . (float)$product_option_value['base_price'] . "', ";
				}
			]]>
            </add>
        </operation>

        <operation error="log">
            <search position="replace"><![CDATA[price = '" . (float)$product_option_value['price'] . "',]]></search>
            <add><![CDATA[" . $str_wtr . " price = '" . (float)$product_option_value['price'] . "',]]></add>
        </operation>

        <operation error="log">
            <search position="after">
            <![CDATA[
                'price'                   => $product_option_value['price'],
            ]]>
            </search>
            <add>
            <![CDATA[
                'base_price'         => isset($product_option_value['base_price'])? $product_option_value['base_price'] : '',
            ]]>
            </add>
        </operation>
		
		<operation error="log">
            <search position="after"><![CDATA[
                foreach ($data['product_discount'] as $product_discount) {
            ]]>
            </search>
            <add><![CDATA[
                $str_wtr = '';
				if ($this->checkDiscountBasePriceFields()) {
					if (isset($product_discount['base_price'])) {
						$str_wtr = "base_price = '" . (float)$product_discount['base_price'] . "', ";
					}
				}
            ]]>
            </add>
        </operation>
		
        <operation error="log">
            <search position="replace"><![CDATA[
                priority = '" . (int)$product_discount['priority'] . "',
            ]]>
            </search>
            <add><![CDATA[" . $str_wtr . " priority = '" . (int)$product_discount['priority'] . "', ]]>
            </add>
        </operation>

		<operation error="log">
            <search position="after"><![CDATA[
                foreach ($data['product_special'] as $product_special) {
            ]]>
            </search>
            <add><![CDATA[
                $str_wtr = '';
				if ($this->checkSpecialBasePriceFields()) {
					if (isset($product_special['base_price'])) {
						$str_wtr = "base_price = '" . (float)$product_special['base_price'] . "', ";
					}
				}
            ]]>
            </add>
        </operation>
		
        <operation error="log">
            <search position="replace"><![CDATA[
                priority = '" . (int)$product_special['priority'] . "',
            ]]>
            </search>
            <add><![CDATA[" . $str_wtr . " priority = '" . (int)$product_special['priority'] . "',]]>
            </add>
        </operation>

        <operation error="log">
            <search position="replace">
            <![CDATA[
                priority = '" . (int)$value['priority'] . "',
            ]]>
            </search>
            <add>
            <![CDATA[
                " . $str_wtr_old . " priority = '" . (int)$value['priority'] . "',
            ]]>
            </add>
        </operation>

        <operation error="log">
            <search position="before">
            <![CDATA[
                if (isset($data['product_image'])) {
            ]]>
            </search>
            <add>
            <![CDATA[
                $Request = HTTPS_CATALOG . "index.php?route=wgi/currency_plus&type=product&pid=".$product_id;
                    
                if (extension_loaded('curl')) {
                    $curl = curl_init();

                    curl_setopt($curl, CURLOPT_URL, $Request);
                    curl_setopt($curl, CURLOPT_SSL_VERIFYHOST, FALSE);
                    curl_setopt($curl, CURLOPT_SSL_VERIFYPEER, FALSE);
                    curl_setopt($curl, CURLOPT_RETURNTRANSFER, 1);
                    curl_setopt($curl, CURLOPT_HEADER, false);
                    curl_setopt($curl, CURLOPT_CONNECTTIMEOUT, 30);
                    curl_setopt($curl, CURLOPT_TIMEOUT, 30);

                    $content = curl_exec($curl);

                    if ($content === false) {
                        echo 'Curl error: ' . curl_error($curl);
                        //exit();
                    }
                    
                    curl_close($curl);
                }
                elseif (function_exists('file_get_contents')) {
                    file_get_contents($Request);
                }
                else {
                    file($Request);
                } 
            ]]>
            </add>
        </operation>
    </file>


    <file name="admin/model/localisation/currency.php">
        <operation error="log">
            <search position="replace">
            <![CDATA[
                public function updateCurrencies(
            ]]>
            </search>
            <add>
            <![CDATA[
                public function updateCurrencies() {
                    $Request = HTTPS_CATALOG."index.php?route=wgi/currency_plus&type=all";
					
                    if (extension_loaded('curl')) {
                        $curl = curl_init();

                        curl_setopt($curl, CURLOPT_URL, $Request);
                        curl_setopt($curl, CURLOPT_SSL_VERIFYHOST, FALSE);
                        curl_setopt($curl, CURLOPT_SSL_VERIFYPEER, FALSE);
                        curl_setopt($curl, CURLOPT_RETURNTRANSFER, 1);
                        curl_setopt($curl, CURLOPT_HEADER, false);
                        curl_setopt($curl, CURLOPT_CONNECTTIMEOUT, 30);
                        curl_setopt($curl, CURLOPT_TIMEOUT, 30);

                        $content = curl_exec($curl);

                        if ($content === false) {
                            echo 'Curl error: ' . curl_error($curl);
                            exit();
                        }
                        
                        curl_close($curl);
                    }
					elseif (function_exists('file_get_contents')) {
						file_get_contents($Request);
					}
					else {
						file($Request);
					}
                }

                public function updateCurrenciesOLD(
            ]]>
            </add>
        </operation>
    </file>


    <file name="admin/controller/localisation/currency.php">
        <operation error="log">
            <search position="before">
            <![CDATA[
                public function delete() {
            ]]>
            </search>
            <add>
            <![CDATA[
                public function updatecurrency($type = 'all') {
                    if (isset($this->request->get['type'])) {
                        $type = $this->request->get['type'];
                    }

                    $this->data['token'] = $this->session->data['token'];

                    $Request = HTTPS_CATALOG."index.php?route=wgi/currency_plus&type=all";
                    
                    if (extension_loaded('curl')) {
                        $curl = curl_init();

                        curl_setopt($curl, CURLOPT_URL, $Request);
                        curl_setopt($curl, CURLOPT_SSL_VERIFYHOST, FALSE);
                        curl_setopt($curl, CURLOPT_SSL_VERIFYPEER, FALSE);
                        curl_setopt($curl, CURLOPT_RETURNTRANSFER, 1);
                        curl_setopt($curl, CURLOPT_HEADER, false);
                        curl_setopt($curl, CURLOPT_CONNECTTIMEOUT, 30);
                        curl_setopt($curl, CURLOPT_TIMEOUT, 30);

                        $content = curl_exec($curl);

                        if ($content === false) {
                            echo 'Curl error: ' . curl_error($curl);
                            exit();
                        }
                        
                        curl_close($curl);
                    }
                    elseif (function_exists('file_get_contents')) {
                        file_get_contents($Request);
                    }
                    else {
                        file($Request);
                    }
                }
            ]]>
            </add>
        </operation>

        <operation error="log">
            <search position="after">
            <![CDATA[
                $this->load->model('localisation/currency');
            ]]>
            </search>
            <add>
            <![CDATA[
                $this->data['token'] = $this->session->data['token'];
                $this->data['button_settings'] = $this->language->get('button_settings');
            ]]>
            </add>
        </operation>
    </file>


    <file name="admin/view/template/localisation/currency_list.tpl">
        <operation error="log">
            <search position="replace">
            <![CDATA[
                <div class="buttons">
            ]]>
            </search>
            <add>
            <![CDATA[
                <div class="buttons"><a href="index.php?route=module/currency_plus&token=<?php echo $token; ?>" class="button"><span><?php echo $button_settings;?></span></a>
            ]]>
            </add>
        </operation>
    </file>


    <file name="admin/language/russian/localisation/currency.php">
        <operation error="log">
            <search position="before">
            <![CDATA[
                ?>
            ]]>
            </search>
            <add>
            <![CDATA[
                $_['button_settings'] = 'Настройки';
            ]]>
            </add>
        </operation>
    </file>

    <file name="admin/language/english/localisation/currency.php">
        <operation error="log">
            <search position="before">
                <![CDATA[
                ?>
            ]]>
            </search>
            <add>
            <![CDATA[
                $_['button_settings'] = 'Settings';
            ]]>
            </add>
        </operation>
    </file>

	<file name="admin/model/catalog/batch_editor/product_edit.php">
        <operation error="log">
            <search position="after" offset="2"><![CDATA[
                $this->db->query('UPDATE ' . DB_PREFIX . 'product SET ' . $field . ' = "' . $value . '",
            ]]>
            </search>
            <add><![CDATA[
                if ($field == 'base_price' or $field == 'base_currency_code' or $field == 'extra_charge') {
                    $Request = HTTPS_CATALOG . "index.php?route=wgi/currency_plus&type=product&data[product_id]=" . $product_id;
                    
                    if (extension_loaded('curl')) {
                        $curl = curl_init();

                        curl_setopt($curl, CURLOPT_URL, $Request);
                        curl_setopt($curl, CURLOPT_SSL_VERIFYHOST, FALSE);
                        curl_setopt($curl, CURLOPT_SSL_VERIFYPEER, FALSE);
                        curl_setopt($curl, CURLOPT_RETURNTRANSFER, 1);
                        curl_setopt($curl, CURLOPT_HEADER, false);
                        curl_setopt($curl, CURLOPT_CONNECTTIMEOUT, 30);
                        curl_setopt($curl, CURLOPT_TIMEOUT, 30);

                        $content = curl_exec($curl);

                        if ($content === false) {
                            echo 'Curl error: ' . curl_error($curl);
                            exit();
                        }
                        
                        curl_close($curl);
                    }
                    elseif ($this->config->get('currency_plus_getdata') == 'file' and function_exists('file_get_contents')) {
                        file_get_contents($Request);
                    }
                    else {
                        file($Request);
                    }
                }
            ]]></add>
        </operation>
    </file>
	
	<file name="catalog/controller/module/currency.php">
        <operation error="log">
            <search position="after"><![CDATA[
                $this->data['currency_code'] = $this->currency->getCode(); 
            ]]>
            </search>
            <add><![CDATA[
                $this->data['current_code'] = $this->data['currency_code'];
            ]]></add>
        </operation>

        <operation error="log">
            <search position="before"><![CDATA[
                foreach ($results as $result) {
            ]]>
            </search>
            <add><![CDATA[
                $cc = false;
            ]]></add>
        </operation>

        <operation error="log">
            <search position="after"><![CDATA[
                if ($result['status']) {
            ]]>
            </search>
            <add><![CDATA[
                if ($result['code'] == $this->data['current_code']) {
                    $cc = true;
                }
            ]]></add>
        </operation>

        <operation error="log">
            <search position="before"><![CDATA[
                if (!isset($this->request->get['route'])) {
            ]]>
            </search>
            <add><![CDATA[
                if ($cc == false) {
                    $this->currency->set($this->config->get('config_currency'));

                    $this->data['code'] = $this->currency->getCode();
                }
            ]]></add>
        </operation>
    </file>
	
</modification>

