<modification>
    <id>Валюта Плюс - отображение базовых валют на сайте</id>
    <version>3.2</version>
    <vqmver>2.4.1</vqmver>
    <author>louise170 (louise@ya.ru)</author>

	<file path="catalog/controller/module/featured.php">
        <operation error="log">
            <search><![CDATA[=> $price,]]>
            </search>
            <add position="replace"><![CDATA[=> $price,
                'base_price'          => (isset($product_info['base_price']) and $product_info['base_price'] > 0 ) ? $this->currency->format(1, $product_info['base_currency_code'], $product_info['base_price'], true) : '',
                'base_special'        => (isset($product_info['base_special']) and $product_info['base_special'] > 0 ) ? $this->currency->format(1, $product_info['base_currency_code'], $product_info['base_special'], true) : '',
            ]]>
            </add>
        </operation>

        <operation error="log">
            <search><![CDATA[
                $data['products'] = array();
            ]]>
            </search>
            <add position="before">
                <![CDATA[
                if ($this->config->get('currency_plus_show_base_price_cat')) {
                    $data['currency_plus_show_base_price_cat'] = $this->config->get('currency_plus_show_base_price_cat');
                }
                else {
                    $data['currency_plus_show_base_price_cat'] = 0;
                }
            ]]>
            </add>
        </operation>
    </file>

    <file path="catalog/controller/module/latest.php">
        <operation error="log">
            <search><![CDATA[=> $price,]]>
            </search>
            <add position="replace"><![CDATA[=> $price,
                'base_price'          => (isset($result['base_price']) and $result['base_price'] > 0 ) ? $this->currency->format(1, $result['base_currency_code'], $result['base_price'], true) : '',
                'base_special'        => (isset($result['base_special']) and $result['base_special'] > 0 ) ? $this->currency->format(1, $result['base_currency_code'], $result['base_special'], true) : '',
            ]]>
            </add>
        </operation>

        <operation error="log">
            <search><![CDATA[
                $data['products'] = array();
            ]]>
            </search>
            <add position="before">
                <![CDATA[
                if ($this->config->get('currency_plus_show_base_price_cat')) {
                    $data['currency_plus_show_base_price_cat'] = $this->config->get('currency_plus_show_base_price_cat');
                }
                else {
                    $data['currency_plus_show_base_price_cat'] = 0;
                }
            ]]>
            </add>
        </operation>
    </file>

    <file path="catalog/controller/module/bestseller.php">
        <operation error="log">
            <search><![CDATA[=> $price,]]>
            </search>
            <add position="replace"><![CDATA[=> $price,
                'base_price'          => (isset($result['base_price']) and $result['base_price'] > 0 ) ? $this->currency->format(1, $result['base_currency_code'], $result['base_price'], true) : '',
                'base_special'        => (isset($result['base_special']) and $result['base_special'] > 0 ) ? $this->currency->format(1, $result['base_currency_code'], $result['base_special'], true) : '',
            ]]>
            </add>
        </operation>

        <operation error="log">
            <search><![CDATA[
                $data['products'] = array();
            ]]>
            </search>
            <add position="before">
                <![CDATA[
                if ($this->config->get('currency_plus_show_base_price_cat')) {
                    $data['currency_plus_show_base_price_cat'] = $this->config->get('currency_plus_show_base_price_cat');
                }
                else {
                    $data['currency_plus_show_base_price_cat'] = 0;
                }
            ]]>
            </add>
        </operation>
    </file>

	
	<file name="catalog/model/catalog/product.php">
        <operation error="log">
            <search position="replace">
            <![CDATA[
                AS special,
            ]]>
            </search>
            <add>
            <![CDATA[
                AS special, (SELECT base_price FROM " . DB_PREFIX . "product_special ps WHERE ps.product_id = p.product_id AND ps.customer_group_id = '" . (int)$customer_group_id . "' AND
                ((ps.date_start = '0000-00-00' OR ps.date_start < NOW()) AND (ps.date_end = '0000-00-00' OR ps.date_end > NOW()))
                ORDER BY ps.priority ASC, ps.price ASC LIMIT 1) AS base_special,
				(SELECT base_price FROM " . DB_PREFIX . "product_discount ps WHERE ps.product_id = p.product_id AND ps.customer_group_id = '" . (int)$customer_group_id . "' AND
                ((ps.date_start = '0000-00-00' OR ps.date_start < NOW()) AND (ps.date_end = '0000-00-00' OR ps.date_end > NOW()))
                ORDER BY ps.priority ASC, ps.price ASC LIMIT 1) AS base_discount,
            ]]>
            </add>
        </operation>

        <operation error="log">
            <search position="after">
                <![CDATA[
                => $query->row['special'],
            ]]>
            </search>
            <add>
                <![CDATA[
                'base_price'          => $query->row['base_price'],
                'base_special'        => $query->row['base_special'],
                'base_currency_code'  => $query->row['base_currency_code'],
            ]]>
            </add>
        </operation>

        <operation error="log">
            <search position="after">
                <![CDATA[
                => $product_option_value['price'],
            ]]>
            </search>
            <add>
                <![CDATA[
                'base_price' => $product_option_value['base_price'],
            ]]>
            </add>
        </operation>
    </file>
	
	<file name="catalog/controller/product/product.php">
        <operation error="log">
            <search position="replace" index="2">
            <![CDATA[
                => $price,
            ]]>
            </search>
            <add>
            <![CDATA[
                => $price,
                'base_price'          => (isset($result['base_price']) and $result['base_price'] > 0 ) ? $this->currency->format(1, $result['base_currency_code'], $result['base_price'], true) : '',
                'base_special'        => (isset($result['base_special']) and $result['base_special'] > 0 ) ? $this->currency->format(1, $result['base_currency_code'], $result['base_special'], true) : '',
            ]]>
            </add>
        </operation>

        <operation error="log">
            <search position="before">
            <![CDATA[
                $this->data['products'] = array();
            ]]>
            </search>
            <add>
            <![CDATA[
                if (isset($product_info['base_price']) and $product_info['base_price'] > 0) {
                    $this->data['base_price'] =  $this->currency->format(1, $product_info['base_currency_code'], $product_info['base_price'], true);
                }
                else {
                    $this->data['base_price'] = '';
                }

                if (isset($product_info['base_special']) and $product_info['base_special'] > 0) {
                    $this->data['base_special'] =  $this->currency->format(1, $product_info['base_currency_code'], $product_info['base_special'], true);
                }
                else {
                    $this->data['base_special'] = '';
                }

                if (isset($product_info['base_currency_code'])) {
                    $this->data['base_currency_code'] = $product_info['base_currency_code'];
                }
                else {
                    $this->data['base_currency_code'] = '';
                }

                if ($this->config->get('currency_plus_show_base_price')) {
                    $this->data['currency_plus_show_base_price'] = $this->config->get('currency_plus_show_base_price');
                }
                else {
                    $this->data['currency_plus_show_base_price'] = 0;
                }
            ]]>
            </add>
        </operation>

        <operation error="log">
            <search position="after">
            <![CDATA[
                'name'                    => $option_value['name'],
            ]]>
            </search>
            <add>
            <![CDATA[
                'base_price' => (isset($option_value['base_price']) and $option_value['base_price'] > 0) ? $this->currency->format(1, $product_info['base_currency_code'], $option_value['base_price'], true) : '',
            ]]>
            </add>
        </operation>
        <operation error="log">
            <search position="after">
            <![CDATA[
                'quantity' => $discount['quantity'],
            ]]>
            </search>
            <add>
            <![CDATA[
                'base_price' => (isset($discount['base_price']) and $discount['base_price'] > 0) ? $this->currency->format(1, $product_info['base_currency_code'], $discount['base_price'], true) : '',
            ]]>
            </add>
        </operation>
    </file>
	
	<file name="catalog/controller/product/category.php">
        <operation error="log">
            <search position="replace">
                <![CDATA[
                => $price,
            ]]>
            </search>
            <add>
                <![CDATA[
                => $price,
                'base_price'          => (isset($result['base_price']) and $result['base_price'] > 0 ) ? $this->currency->format(1, $result['base_currency_code'], $result['base_price'], true) : '',
                'base_special'        => (isset($result['base_special']) and $result['base_special'] > 0 ) ? $this->currency->format(1, $result['base_currency_code'], $result['base_special'], true) : '',
            ]]>
            </add>
        </operation>

        <operation error="log">
            <search position="before">
            <![CDATA[
                $this->data['products'] = array();
            ]]>
            </search>
            <add>
            <![CDATA[
                if ($this->config->get('currency_plus_show_base_price_cat')) {
                    $this->data['currency_plus_show_base_price_cat'] = $this->config->get('currency_plus_show_base_price_cat');
                }
                else {
                    $this->data['currency_plus_show_base_price_cat'] = 0;
                }
            ]]>
            </add>
        </operation>
    </file>

    <file name="catalog/controller/product/special.php">
        <operation error="log">
            <search position="replace">
                <![CDATA[
                => $price,
            ]]>
            </search>
            <add>
                <![CDATA[
                => $price,
                'base_price'          => (isset($result['base_price']) and $result['base_price'] > 0 ) ? $this->currency->format(1, $result['base_currency_code'], $result['base_price'], true) : '',
                'base_special'        => (isset($result['base_special']) and $result['base_special'] > 0 ) ? $this->currency->format(1, $result['base_currency_code'], $result['base_special'], true) : '',
            ]]>
            </add>
        </operation>

        <operation error="log">
            <search position="before">
            <![CDATA[
                $this->data['products'] = array();
            ]]>
            </search>
            <add>
                <![CDATA[
                if ($this->config->get('currency_plus_show_base_price_special')) {
                    $this->data['currency_plus_show_base_price_special'] = $this->config->get('currency_plus_show_base_price_special');
                }
                else {
                    $this->data['currency_plus_show_base_price_special'] = 0;
                }
            ]]>
            </add>
        </operation>
    </file>

    <file name="catalog/controller/product/manufacturer.php">
        <operation error="log">
            <search position="replace">
                <![CDATA[
                => $price,
            ]]>
            </search>
            <add>
                <![CDATA[
                => $price,
                'base_price'          => (isset($result['base_price']) and $result['base_price'] > 0 ) ? $this->currency->format(1, $result['base_currency_code'], $result['base_price'], true) : '',
                'base_special'        => (isset($result['base_special']) and $result['base_special'] > 0 ) ? $this->currency->format(1, $result['base_currency_code'], $result['base_special'], true) : '',
            ]]>
            </add>
        </operation>

        <operation error="log">
            <search position="before">
            <![CDATA[
                $this->data['products'] = array();
            ]]>
            </search>
            <add>
                <![CDATA[
                if ($this->config->get('currency_plus_show_base_price_brand')) {
                    $this->data['currency_plus_show_base_price_brand'] = $this->config->get('currency_plus_show_base_price_brand');
                }
                else {
                    $this->data['currency_plus_show_base_price_brand'] = 0;
                }
            ]]>
            </add>
        </operation>
    </file>

    <file name="catalog/controller/product/search.php">
        <operation error="log">
            <search position="replace">
            <![CDATA[
                => $price,
            ]]>
            </search>
            <add>
            <![CDATA[
                => $price,
                'base_price'          => (isset($result['base_price']) and $result['base_price'] > 0 ) ? $this->currency->format(1, $result['base_currency_code'], $result['base_price'], true) : '',
                'base_special'        => (isset($result['base_special']) and $result['base_special'] > 0 ) ? $this->currency->format(1, $result['base_currency_code'], $result['base_special'], true) : '',
            ]]>
            </add>
        </operation>

        <operation error="log">
            <search position="before">
            <![CDATA[
                $this->data['products'] = array();
            ]]>
            </search>
            <add>
            <![CDATA[
                if ($this->config->get('currency_plus_show_base_price_search')) {
                    $this->data['currency_plus_show_base_price_search'] = $this->config->get('currency_plus_show_base_price_search');
                }
                else {
                    $this->data['currency_plus_show_base_price_search'] = 0;
                }
            ]]>
            </add>
        </operation>
    </file>

    <file name="catalog/view/theme/*/template/product/product.tpl">
        <operation error="log">
            <search position="replace"><![CDATA[<?php echo $price; ?>]]></search>
            <add><![CDATA[<?php echo $price;  ?><?php if (isset($currency_plus_show_base_price) and $currency_plus_show_base_price > 0 and isset($base_price) and !empty($base_price)) { ?><nobr>(<?php echo $base_price; ?>)</nobr><?php } ?>]]></add>
        </operation>

        <operation error="log">
            <search position="replace"><![CDATA[<?php echo $special; ?>]]></search>
            <add><![CDATA[<?php echo $special;  ?><?php if (isset($currency_plus_show_base_price) and $currency_plus_show_base_price > 0 and isset($base_special) and !empty($base_special)) { ?><nobr>(<?php echo $base_special; ?>)</nobr><?php } ?>]]></add>
        </operation>

        <operation error="log">
            <search position="replace"><![CDATA[<?php echo $product['price']; ?>]]></search>
            <add><![CDATA[<?php echo $product['price'];  ?><?php if (isset($currency_plus_show_base_price) and $currency_plus_show_base_price > 0 and isset($base_price) and !empty($base_price)) { ?><nobr>(<?php echo $product['base_price']; ?>)</nobr><?php } ?>]]></add>
        </operation>

        <operation error="log">
            <search position="replace"><![CDATA[<?php echo $product['special']; ?>]]></search>
            <add><![CDATA[<?php echo $product['special'];  ?><?php if (isset($currency_plus_show_base_price) and $currency_plus_show_base_price > 0 and isset($product['base_special']) and !empty($product['base_special'])) { ?><nobr>(<?php echo $product['base_special']; ?>)</nobr><?php } ?>]]></add>
        </operation>

        <operation error="log">
            <search position="replace"><![CDATA[echo $option_value['price'];]]></search>
            <add><![CDATA[if (isset($currency_plus_show_base_price) and $currency_plus_show_base_price > 0 and isset($option_value['base_price']) and !empty($option_value['base_price'])) {
                    echo $option_value['price'].' / '.$option_value['base_price'];
                }
                else {
                    echo $option_value['price'];
                }]]></add>
        </operation>

        <operation error="log">
            <search position="replace"><![CDATA[
                <?php echo sprintf($text_discount, $discount['quantity'], $discount['price']); ?><br />
            ]]></search>
            <add><![CDATA[<?php
                $discount_base_price = '';

                if (isset($currency_plus_show_base_price) and $currency_plus_show_base_price > 0 and isset($discount['base_price']) and $discount['base_price'] != '') {
                    $discount_base_price = ' ('.$discount['base_price'].')';
                };

                echo sprintf($text_discount, $discount['quantity'], $discount['price'].$discount_base_price); ?><br />
            ]]></add>
        </operation>
    </file>


    <file name="catalog/view/theme/*/template/product/category.tpl">
        <operation error="log">
            <search position="replace"><![CDATA[<?php echo $product['price']; ?>]]></search>
            <add><![CDATA[<?php echo $product['price']; ?><?php if (isset($currency_plus_show_base_price_cat) and $currency_plus_show_base_price_cat > 0 and isset($product['base_price']) and !empty($product['base_price'])) { ?><nobr>(<?php echo $product['base_price']; ?>)</nobr><?php } ?>]]></add>
        </operation>

        <operation error="log">
            <search position="replace"><![CDATA[<?php echo $product['special']; ?>]]></search>
            <add><![CDATA[<?php echo $product['special']; ?><?php if (isset($currency_plus_show_base_price_cat) and $currency_plus_show_base_price_cat > 0 and isset($product['base_special']) and !empty($product['base_special'])) { ?><nobr>(<?php echo $product['base_special']; ?>)</nobr><?php } ?>]]></add>
        </operation>
    </file>

	<file path="catalog/view/theme/*/template/module/featured.tpl">
        <operation error="log">
            <search><![CDATA[
                <?php echo $product['price']; ?>
            ]]>
            </search>
            <add position="replace"><![CDATA[
                <?php echo $product['price']; ?>

                <?php if (isset($currency_plus_show_base_price_cat) and $currency_plus_show_base_price_cat > 0 and isset($product['base_price']) and !empty($product['base_price'])) { ?>
                    <nobr>(<?php echo $product['base_price']; ?>)</nobr>
                <?php } ?>
            ]]>
            </add>
        </operation>

        <operation error="log">
            <search><![CDATA[
                <?php echo $product['special']; ?>
            ]]>
            </search>
            <add position="replace"><![CDATA[
                <?php echo $product['special']; ?>

                <?php if (isset($currency_plus_show_base_price_cat) and $currency_plus_show_base_price_cat > 0 and isset($product['base_special']) and !empty($product['base_special'])) { ?>
                    <nobr>(<?php echo $product['base_special']; ?>)</nobr>
                <?php } ?>
            ]]>
            </add>
        </operation>
    </file>

    <file path="catalog/view/theme/*/template/module/latest.tpl">
        <operation error="log">
            <search><![CDATA[
                <?php echo $product['price']; ?>
            ]]>
            </search>
            <add position="replace"><![CDATA[
                <?php echo $product['price']; ?>

                <?php if (isset($currency_plus_show_base_price_cat) and $currency_plus_show_base_price_cat > 0 and isset($product['base_price']) and !empty($product['base_price'])) { ?>
                    <nobr>(<?php echo $product['base_price']; ?>)</nobr>
                <?php } ?>
            ]]>
            </add>
        </operation>

        <operation error="log">
            <search><![CDATA[
                <?php echo $product['special']; ?>
            ]]>
            </search>
            <add position="replace"><![CDATA[
                <?php echo $product['special']; ?>

                <?php if (isset($currency_plus_show_base_price_cat) and $currency_plus_show_base_price_cat > 0 and isset($product['base_special']) and !empty($product['base_special'])) { ?>
                    <nobr>(<?php echo $product['base_special']; ?>)</nobr>
                <?php } ?>
            ]]>
            </add>
        </operation>
    </file>


    <file path="catalog/view/theme/*/template/module/bestseller.tpl">
        <operation error="log">
            <search><![CDATA[
                <?php echo $product['price']; ?>
            ]]>
            </search>
            <add position="replace"><![CDATA[
                <?php echo $product['price']; ?>

                <?php if (isset($currency_plus_show_base_price_cat) and $currency_plus_show_base_price_cat > 0 and isset($product['base_price']) and !empty($product['base_price'])) { ?>
                    <nobr>(<?php echo $product['base_price']; ?>)</nobr>
                <?php } ?>
            ]]>
            </add>
        </operation>

        <operation error="log">
            <search><![CDATA[
                <?php echo $product['special']; ?>
            ]]>
            </search>
            <add position="replace"><![CDATA[
                <?php echo $product['special']; ?>

                <?php if (isset($currency_plus_show_base_price_cat) and $currency_plus_show_base_price_cat > 0 and isset($product['base_special']) and !empty($product['base_special'])) { ?>
                    <nobr>(<?php echo $product['base_special']; ?>)</nobr>
                <?php } ?>
            ]]>
            </add>
        </operation>
    </file>

    <file name="catalog/view/theme/*/template/product/search.tpl">
        <operation error="log">
            <search position="replace"><![CDATA[<?php echo $product['price']; ?>]]></search>
            <add><![CDATA[<?php echo $product['price']; ?><?php if (isset($currency_plus_show_base_price_search) and $currency_plus_show_base_price_search > 0 and isset($product['base_price']) and !empty($product['base_price'])) { ?><nobr>(<?php echo $product['base_price']; ?>)</nobr><?php } ?>]]></add>
        </operation>

        <operation error="log">
            <search position="replace"><![CDATA[<?php echo $product['special']; ?>]]></search>
            <add><![CDATA[<?php echo $product['special']; ?><?php if (isset($currency_plus_show_base_price_search) and $currency_plus_show_base_price_search > 0 and isset($product['base_special']) and !empty($product['base_special'])) { ?><nobr>(<?php echo $product['base_special']; ?>)</nobr><?php } ?>]]></add>
        </operation>
    </file>


    <file name="catalog/view/theme/*/template/product/manufacturer_info.tpl">
        <operation error="log">
            <search position="replace"><![CDATA[<?php echo $product['price']; ?>]]></search>
            <add><![CDATA[<?php echo $product['price']; ?><?php if (isset($currency_plus_show_base_price_brand) and $currency_plus_show_base_price_brand > 0 and isset($product['base_price']) and !empty($product['base_price'])) { ?><nobr>(<?php echo $product['base_price']; ?>)</nobr><?php } ?>]]></add>
        </operation>

        <operation error="log">
            <search position="replace"><![CDATA[<?php echo $product['special']; ?>]]></search>
            <add><![CDATA[<?php echo $product['special']; ?><?php if (isset($currency_plus_show_base_price_brand) and $currency_plus_show_base_price_brand > 0 and isset($product['base_special']) and !empty($product['base_special'])) { ?><nobr>(<?php echo $product['base_special']; ?>)</nobr><?php } ?>]]></add>
        </operation>
    </file>


    <file name="catalog/view/theme/*/template/product/special.tpl">
        <operation error="log">
            <search position="replace"><![CDATA[<?php echo $product['price']; ?>]]></search>
            <add><![CDATA[<?php echo $product['price']; ?><?php if (isset($currency_plus_show_base_price_special) and $currency_plus_show_base_price_special > 0 and isset($product['base_price']) and !empty($product['base_price'])) { ?><nobr>(<?php echo $product['base_price']; ?>)</nobr><?php } ?>]]></add>
        </operation>

        <operation error="log">
            <search position="replace"><![CDATA[<?php echo $product['special']; ?>]]></search>
            <add><![CDATA[<?php echo $product['special']; ?><?php if (isset($currency_plus_show_base_price_special) and $currency_plus_show_base_price_special > 0 and isset($product['base_special']) and !empty($product['base_special'])) { ?><nobr>(<?php echo $product['base_special']; ?>)</nobr><?php } ?>]]></add>
        </operation>
    </file>

</modification>

