﻿<?xml version="1.0" encoding="UTF-8"?>
<modification>
    <name>Opencart Testimonial Shop</name>
    <code>Testimonial Shop</code>
    <version>1.0.0</version>
    <author>GEN</author>
    <file path="admin/controller/common/column_left.php">
    <operation>
      <search><![CDATA[if ($this->user->hasPermission('access', 'catalog/information')) {]]></search>
      <add position="before"><![CDATA[
			if ($this->user->hasPermission('access', 'extension/module/gentestimonials/gentestimonials_list')) {		
				$catalog[] = array(
					'name'	   => $this->language->get('text_gentestimonials'),
					'href'     => $this->url->link('extension/module/gentestimonials/gentestimonials_list', 'user_token=' . $this->session->data['user_token'], true),
					'children' => array()		
				);					
			}
      	]]></add>
    </operation>
  </file>
  <file path="admin/language/ru-ru/common/column_left.php">
    <operation>
      <search><![CDATA[$_['text_manufacturer']]]></search>
      <add position="before"><![CDATA[$_['text_gentestimonials'] = 'Отзывы магазина';]]></add>
    </operation>
  </file>
</modification>