﻿<?xml version="1.0" encoding="UTF-8"?>
<modification>
    <name>Opencart Tip Doma</name>
    <code>Tip Doma</code>
    <version>3.0.1</version>
	<link>mailto:genodessa@gmail.com</link>
    <author>GEN2023</author>
    <file path="admin/controller/product/product.php">
    <operation>
      <search><![CDATA[ $data['homes'] = array(); ]]></search>
      <add position="after"><![CDATA[
	  if (isset($this->request->post['addressDoma'])) {
			$homes = $this->request->post['addressDoma'];
		} elseif (isset($this->request->get['product_id'])) {
			$homes = $this->model_catalog_product->getProductSpecials($this->request->get['product_id']);
		} else {
			$homes = array();
		}

		$data['homes'] = array();

		foreach ($homes as $addressDoma) {
			$data['homes'][] = array(
				'addressD'          => $addressDoma['addressD'],
				'seriaD'          => $addressDoma['seriaD'],
				'floorD'             => $addressDoma['floorD'],
				'yearD'        => $addressDoma['yearD'],
				'typeD'          => $addressDoma['typeD']
			);
		}
      	]]></add>
    </operation>
	</file>
	<file path="admin/view/template/catalog/product_form.twig">
    <operation>
      <search><![CDATA[ <li><a href="#tab-seo" data-toggle="tab">{{ tab_seo }}</a></li> ]]></search>
      <add position="before"><![CDATA[
			<li><a href="#tab-addressDoma" data-toggle="tab">{{ tab_addressDoma }}</a></li>
      	]]></add>
    </operation>
	<operation>
      <search><![CDATA[ <div class="tab-pane" id="tab-seo"> ]]></search>
      <add position="before"><![CDATA[
			<div class="tab-pane" id="tab-addressDoma">
              <div class="table-responsive">
                <table id="addressDoma" class="table table-striped table-bordered table-hover">
                  <thead>
                    <tr>
                      <td class="text-left">{{ entry_addressD }}</td>
                      <td class="text-left">{{ entry_seriaD }}</td>
                      <td class="text-right">{{ entry_floorD }}</td>
                      <td class="text-right">{{ entry_yearD }}</td>
                      <td class="text-left">{{ entry_typeD }}</td>
                      <td></td>
                    </tr>
                  </thead>
                  <tbody>
                  
                  {% set addressDoma_row = 0 %}
                  {% for addressDomas in addressDoma %}
                  <tr id="addressDoma-row{{ addressDoma_row }}">
                    <td class="text-left">
						<input type="text" name="addressDoma[{{ addressDoma_row }}][addressD]" value="{{ addressDoma.addressD }}" placeholder="{{ entry_addressD }}" class="form-control" />
					</td>
                    <td class="text-right"><input type="text" name="addressDoma[{{ addressDoma_row }}][seriaD]" value="{{ addressDoma.seriaD }}" placeholder="{{ entry_seriaD }}" class="form-control" /></td>
                    <td class="text-right"><input type="text" name="addressDoma[{{ addressDoma_row }}][floorD]" value="{{ addressDoma.floorD }}" placeholder="{{ entry_floorD }}" class="form-control" /></td>
                    <td class="text-left" style="width: 20%;"><div class="input-group date">
                        <input type="text" name="addressDoma[{{ addressDoma_row }}][yearD]" value="{{ addressDoma.yearD }}" placeholder="{{ entry_yearD }}" data-date-format="YYYY-MM-DD" class="form-control" />
                        <span class="input-group-btn">
                        <button class="btn btn-default" type="button"><i class="fa fa-calendar"></i></button>
                        </span></div></td>
                    <td class="text-left" style="width: 20%;"><div class="input-group date">
                       <input type="text" name="addressDoma[{{ addressDoma_row }}][typeD]" value="{{ addressDoma.typeD }}" placeholder="{{ entry_typeD }}" class="form-control" /></td>
                    <td class="text-left"><button type="button" onclick="$('#addressDoma-row{{ addressDoma_row }}').remove();" data-toggle="tooltip" title="{{ button_remove }}" class="btn btn-danger"><i class="fa fa-minus-circle"></i></button></td>
                  </tr>
                  {% set addressDoma_row = addressDoma_row + 1 %}
                  {% endfor %}
                    </tbody>
                  
                  <tfoot>
                    <tr>
                      <td colspan="5"></td>
                      <td class="text-left"><button type="button" onclick="addAddressDoma();" data-toggle="tooltip" title="{{ button_addressDoma_add }}" class="btn btn-primary"><i class="fa fa-plus-circle"></i></button></td>
                    </tr>
                  </tfoot>
                </table>
              </div>
            </div>
      	]]></add>
    </operation>
	<operation>
      <search><![CDATA[ {{ footer }}  ]]></search>
      <add position="before"><![CDATA[
			<script type="text/javascript"><!--
var addressDoma_row = {{ addressDoma_row }};

function addAddressDoma() {
	html  = '<tr id="addressDoma-row' + addressDoma_row + '">';
    html += '  <td class="text-left"><input type="text" name="addressDoma[' + addressDoma_row + '][addressD]" value="" placeholder="{{ entry_addressD }}" class="form-control" /></td>';
    html += '  <td class="text-right"><input type="text" name="addressDoma[' + addressDoma_row + '][seriaD]" value="" placeholder="{{ entry_seriaD }}" class="form-control" /></td>';
	html += '  <td class="text-right"><input type="text" name="addressDoma[' + addressDoma_row + '][floorD]" value="" placeholder="{{ entry_floorD }}" class="form-control" /></td>';
    html += '  <td class="text-left" style="width: 20%;"><div class="input-group date"><input type="text" name="addressDoma[' + addressDoma_row + '][yearD]" value="" placeholder="{{ entry_yearD }}" data-date-format="YYYY-MM-DD" class="form-control" /><span class="input-group-btn"><button type="button" class="btn btn-default"><i class="fa fa-calendar"></i></button></span></div></td>';
	html += '  <td class="text-left" style="width: 20%;"><input type="text" name="addressDoma[' + addressDoma_row + '][typeD]" value="" placeholder="{{ entry_addressD }}" class="form-control" /></td>';
	html += '  <td class="text-left"><button type="button" onclick="$(\'#addressDoma-row' + addressDoma_row + '\').remove();" data-toggle="tooltip" title="{{ button_remove }}" class="btn btn-danger"><i class="fa fa-minus-circle"></i></button></td>';
	html += '</tr>';

	$('#addressDoma tbody').append(html);

	$('.date').datetimepicker({
		language: '{{ datepicker }}',
		pickTime: false
	});

	addressDoma_row++;
}
//--></script> 
      	]]></add>
    </operation>
  </file>
  <file path="admin/language/*/catalog/product.php">
    <operation>
      <search><![CDATA[ $_['heading_title'] ]]></search>
      <add position="after"><![CDATA[
			$_['entry_addressD']          = 'Адресс';
			$_['entry_seriaD']          = 'Серия';
			$_['entry_floorD']          = 'Этажность';
			$_['entry_yearD']          = 'Год';
			$_['entry_typeD']          = 'Тип';
			$_['tab_addressDoma']          = 'Список адресов';
      	]]></add>
    </operation>
	</file>
</modification>