﻿<?xml version="1.0" encoding="UTF-8"?>
<modification>
    <name>Opencart TypeWorks</name>
    <code>TypeWorks</code>
    <version>2.1.3</version>
    <author>GEN</author>
  <file path="admin/controller/catalog/product.php">
    <operation>
      <search><![CDATA[$this->load->model('catalog/attribute');]]></search>
      <add position="before"><![CDATA[     		/*gen start */
		// typeWork
		$this->load->language('extension/module/typeWork');
		$this->load->model('catalog/typeWork');

		if (isset($this->request->post['product_typeWork'])) {
			$product_typeWorks = $this->request->post['product_typeWork'];
		} elseif (isset($this->request->get['product_id'])) {
			$product_typeWorks = $this->model_catalog_typeWork->getTypeWork($this->request->get['product_id']);
		} else {
			$product_typeWorks = array();
		}

		if (isset($this->request->post['viewTypeX'])) {
			$data['viewTypeX'] = $this->request->post['viewTypeX'];
		} elseif (!empty($product_typeWorks)) {
			$data['viewTypeX'] = $product_typeWorks[0]['viewTypeX'];
		} else {
			$data['viewTypeX'] = '';
		}

		$data['product_typeWorks'] = array();

		foreach ($product_typeWorks as $product_typeWork) {
			$typeWorks_info = $this->model_catalog_typeWork->getTypeWorkTitle($product_typeWork['typeWork_id']);
			//var_dump($typeWorks_info);
				$data['product_typeWorks'][] = array(
					'typeWork_id'         	=> $product_typeWork['typeWork_id'],
					'month_start'           => $product_typeWork['month_start'],
					'month_end'             => $product_typeWork['month_end'],
					'sort_order'            => $product_typeWork['sort_order'],
					'color'                 => $product_typeWork['color'],
					'product_typeWork_title'=> $typeWorks_info
				);

		}
		$data['product_typeWork'] = $this->load->view('admin/view/template/catalog/product_typeWork');
		/*gen end */
		// Attributes]]></add>
    </operation>
    <operation>
      <search><![CDATA[case 'information_id':]]></search>
      <add position="after"><![CDATA[case 'event_id':]]></add>
    </operation>
  </file>
  <file path="admin/model/catalog/product.php">
    <operation>
      <search><![CDATA[if (isset($data['product_attribute'])) {]]></search>
      <add position="before"><![CDATA[	
		/*gen start*/
		if (isset($data['product_typeWork'])) {
			foreach ($data['product_typeWork'] as $product_typeWork) {

				$this->db->query("INSERT INTO " . DB_PREFIX . "product_typeWork SET viewTypeX = '" . (int)$data['viewTypeX'] . "', month_start = '" . (int)$product_typeWork['month_start'] . "', product_id = '" . (int)$product_id . "', month_end = '" . (int)$product_typeWork['month_end'] . "', color = '" . $this->db->escape($product_typeWork['color']) . "', sort_order = '" . (int)$product_typeWork['sort_order'] . "'");
				$typeWork_id = $this->db->getLastId();

				foreach ($product_typeWork['product_typeWork_title'] as $language_id => $product_typeWork_title) {
					$this->db->query("INSERT INTO " . DB_PREFIX . "product_typeWork_title SET typeWork_id = '" . (int)$typeWork_id . "', language_id = '" . (int)$language_id . "', title = '" .  $this->db->escape($product_typeWork_title['title']) . "'");
				}
			}
		}
		/*gen end*/
	  ]]></add>
    </operation>
	    <operation>
      <search><![CDATA[if (!empty($data['product_attribute'])) {]]></search>
      <add position="before"><![CDATA[	
		/*gen start*/
		$this->db->query("DELETE FROM " . DB_PREFIX . "product_typeWork WHERE product_id = '" . (int)$product_id . "'");
		if (!empty($data['product_typeWork'])) {
			//var_dump($data);
			foreach ($data['product_typeWork'] as $product_typeWork) {
				//if ($product_typeWork['typeWork_id']) {					
					// Removes duplicates
					$this->db->query("DELETE FROM " . DB_PREFIX . "product_typeWork_title WHERE typeWork_id = '" . (int)$product_typeWork['typeWork_id'] . "'");

					$this->db->query("INSERT INTO " . DB_PREFIX . "product_typeWork SET month_start = '" . (int)$product_typeWork['month_start'] . "', product_id = '" . (int)$product_id . "', month_end = '" . (int)$product_typeWork['month_end'] . "', color = '" . $this->db->escape($product_typeWork['color']) . "', sort_order = '" . (int)$product_typeWork['sort_order'] . "'");
					
					$typeWork_id = $this->db->getLastId();

					foreach ($product_typeWork['product_typeWork_title'] as $language_id => $product_typeWork_title) {
						$this->db->query("INSERT INTO " . DB_PREFIX . "product_typeWork_title SET typeWork_id = '" . (int)$typeWork_id . "', language_id = '" . (int)$language_id . "', title = '" .  $this->db->escape($product_typeWork_title['title']) . "'");
					}
					
				//}
			}
		}
		/*gen end*/
	  ]]></add>
    </operation>
	<operation>
      <search><![CDATA[$data['product_recurrings'] = $this->getRecurrings($product_id);]]></search>
      <add position="before"><![CDATA[	
		/*get start*/
			$data['product_typeWork'] = $this->getTypeWork($product_id);
			/*gen end*/
	  ]]></add>
    </operation>
	<operation>
      <search><![CDATA[$this->db->query("DELETE FROM " . DB_PREFIX . "coupon_product WHERE product_id = '" . (int)$product_id . "'");]]></search>
      <add position="before"><![CDATA[	
				/*gen start*/
		$querry=$this->db->query("SELECT `typeWork_id` FROM `" . DB_PREFIX . "product_typeWork` WHERE `product_id`= '" . (int)$product_id . "'");
		$this->db->query("DELETE FROM " . DB_PREFIX . "product_typeWork WHERE product_id = '" . (int)$product_id . "'");
	
		foreach ($querry->rows as $typeWork_id) {
			$this->db->query("DELETE FROM " . DB_PREFIX . "product_typeWork_title WHERE typeWork_id = '" . (int)$typeWork_id['typeWork_id'] . "'");
		}		
		/*gen end*/
	  ]]></add>
    </operation>
	<operation>
      <search><![CDATA[public function getTotalProductsByLayoutId($layout_id) {]]></search>
      <add position="before"><![CDATA[	
				/*gen start*/
	public function getTypeWork($product_id){
		$querry=$this->db->query("SELECT * FROM `" . DB_PREFIX . "product_typeWork` WHERE `product_id`= '" . (int)$product_id . "'");

		if ($querry->num_rows) {

			for($i=0;$i<$querry->num_rows;$i++)	{
				$querry1=$this->db->query("SELECT * FROM " . DB_PREFIX . "product_typeWork_title WHERE typeWork_id = '" . (int)$querry->rows[$i]['typeWork_id'] . "'");
				$test[1]=$querry1->rows[0];
				$test[2]=$querry1->rows[1];
				$querry->rows[$i]['product_typeWork_title']=$test;
			}

			return $querry->rows;
		}		
	}
	/*gen end*/
	  ]]></add>
    </operation>	
  </file>
  <file path="admin/controller/catalog/product.php">
    <operation>
      <search><![CDATA[$this->response->setOutput($this->load->view('product/product', $data));]]></search>
      <add position="before"><![CDATA[			/*gen start*/
			$data['typeWorks'] = $this->load->controller('product/typeWorks');
			/*gen end before*/]]></add>
    </operation>
  </file>
  
    <file path="catalog/view/theme/default/template/product/product.twig">
    <operation>
      <search><![CDATA[<ul class="nav nav-tabs">]]></search>
      <add position="before"><![CDATA[	  <!-- gen start-->
	  {{ typeWorks }}
	  <!-- gen end-->]]></add>
    </operation>
  </file>
</modification>
