<?xml version="1.0" encoding="utf-8"?>
<modification>
<name>User reply to comment</name>
	<version>2</version>
	<link>https://dev-opencart.com</link>
	<author>Gen</author>
	<code>dev_opencart_com_answer_to_comm_user</code>
<file path="admin/controller/catalog/review.php">
	<operation error="skip">
		<search><![CDATA[$this->load->model('catalog/product');]]></search>
		<add position="before"><![CDATA[
			$this->load->model('user/user');
		
			$user_info = $this->model_user_user->getUser($this->user->getId());

			if ($user_info) {
				$data['user_group'] = $user_info['user_group'] ;
			} else {
				$data['user_group'] = '';
			}
		]]></add>
	</operation>
	<operation error="skip">
		<search><![CDATA[if (isset($this->request->post['rating'])) {]]></search>
		<add position="before"><![CDATA[
			if (isset($this->request->post['admin_author'])) {
				$data['admin_author'] = $this->request->post['admin_author'];
			} elseif (!empty($review_info)) {
				$data['admin_author'] = $review_info['admin_author'] ? $review_info['admin_author'] : $data['user_group'];
			} else {
				$data['admin_author'] = $data['user_group'];
			}
			
			if (isset($this->request->post['answer'])) {
				$data['answer'] = $this->request->post['answer'];
			} elseif (!empty($review_info)) {
				$data['answer'] = $review_info['answer'];
			} else {
				$data['answer'] = '';
			}
		]]></add>
	</operation>
</file>
<file path="admin/language/ru-ru/catalog/review.php">
	<operation error="skip">
		<search><![CDATA[$_['entry_text']]]></search>
		<add position="after"><![CDATA[
			$_['entry_author_answer']   	= 'Автор ответа';
			$_['entry_answer']   	= 'Ответ';
		]]></add>
	</operation>
</file>
<file path="admin/language/ua-uk/catalog/review.php">
	<operation error="skip">
		<search><![CDATA[$_['entry_text']]]></search>
		<add position="after"><![CDATA[
			$_['entry_author_answer']   	= 'Автор відповіді';
			$_['entry_answer']   	= 'Відповідь';
		]]></add>
	</operation>
</file>
<file path="admin/language/en-gb/catalog/review.php">
	<operation error="skip">
		<search><![CDATA[$_['entry_text']]]></search>
		<add position="after"><![CDATA[
			$_['entry_author_answer']   	= 'Author answer';
			$_['entry_answer']   	= 'Answer';
		]]></add>
	</operation>
</file>
<file path="admin/model/catalog/review.php">
	<operation error="skip">
		<search><![CDATA[public function getReviews($data = array()) {]]></search>
		<add position="after"><![CDATA[
			$result_hd_description = $this->db->query("SHOW COLUMNS FROM " . DB_PREFIX . "review LIKE 'admin_author';");
			if ($result_hd_description->num_rows == 0) {
				$this->db->query("ALTER TABLE " . DB_PREFIX . "review ADD COLUMN `admin_author` VARCHAR( 64 ) NOT NULL AFTER `author`");                
			}
			
			$result_hd_description = $this->db->query("SHOW COLUMNS FROM " . DB_PREFIX . "review LIKE 'answer';");
			if ($result_hd_description->num_rows == 0) {
				$this->db->query("ALTER TABLE " . DB_PREFIX . "review ADD COLUMN `answer` TEXT NOT NULL AFTER `text`");                
			}
		
		]]></add>
	</operation>
	<operation error="skip">
		<search><![CDATA[
			$this->db->query("INSERT INTO " . DB_PREFIX . "review SET author = '" . $this->db->escape($data['author']) . "', product_id = '" . (int)$data['product_id'] . "', text = '" . $this->db->escape(strip_tags($data['text'])) . "', rating = '" . (int)$data['rating'] . "', status = '" . (int)$data['status'] . "', date_added = '" . $this->db->escape($data['date_added']) . "'");			
		]]></search>
		<add position="replace"><![CDATA[
			$this->db->query("INSERT INTO " . DB_PREFIX . "review SET author = '" . $this->db->escape($data['author']) . "', product_id = '" . (int)$data['product_id'] . "', text = '" . $this->db->escape(strip_tags($data['text'])) . "', admin_author = '" . $this->db->escape($data['admin_author']) . "', answer = '" . $this->db->escape(strip_tags($data['answer'])) . "', rating = '" . (int)$data['rating'] . "', status = '" . (int)$data['status'] . "', date_added = '" . $this->db->escape($data['date_added']) . "'");
		]]></add>
	</operation>
	<operation error="skip">
		<search><![CDATA[
			$this->db->query("UPDATE " . DB_PREFIX . "review SET author = '" . $this->db->escape($data['author']) . "', product_id = '" . (int)$data['product_id'] . "', text = '" . $this->db->escape(strip_tags($data['text'])) . "', rating = '" . (int)$data['rating'] . "', status = '" . (int)$data['status'] . "', date_added = '" . $this->db->escape($data['date_added']) . "', date_modified = NOW() WHERE review_id = '" . (int)$review_id . "'");
		]]></search>
		<add position="replace"><![CDATA[
			$this->db->query("UPDATE " . DB_PREFIX . "review SET author = '" . $this->db->escape($data['author']) . "', product_id = '" . (int)$data['product_id'] . "', text = '" . $this->db->escape(strip_tags($data['text'])) . "', admin_author = '" . $this->db->escape($data['admin_author']) . "', answer = '" . $this->db->escape(strip_tags($data['answer'])) . "', rating = '" . (int)$data['rating'] . "', status = '" . (int)$data['status'] . "', date_added = '" . $this->db->escape($data['date_added']) . "', date_modified = NOW() WHERE review_id = '" . (int)$review_id . "'");
		]]></add>
	</operation>
</file>
<file path="admin/view/template/catalog/review_form.twig">
	<operation error="skip">
		<search><![CDATA[<label class="col-sm-2 control-label" for="input-name">{{ entry_rating }}</label>]]></search>
		<add position="before" offset="1"><![CDATA[
		  <div class="form-group">
            <label class="col-sm-2 control-label" for="input-admin-author">{{ entry_author_answer }}</label>
            <div class="col-sm-10">
              <input type="text" name="admin_author" value="{{ admin_author }}" placeholder="{{ user_group }}" id="input-admin-author" class="form-control" />
			</div>
          </div>
          <div class="form-group">
            <label class="col-sm-2 control-label" for="input-answer">{{ entry_answer }}</label>
            <div class="col-sm-10">
              <textarea name="answer" cols="60" rows="8" placeholder="{{ entry_answer }}" id="input-answer" class="form-control">{{ answer }}</textarea>
            </div>
          </div>
		]]></add>
	</operation>
</file>
<file path="catalog/controller/product/product.php">
	<operation error="skip">
		<search><![CDATA[$this->response->setOutput($this->load->view('product/review', $data));]]></search>
		<add position="replace"><![CDATA[
			$this->response->setOutput($this->load->view('product/reviewReply', $data));
		]]></add>
	</operation>
	<operation error="skip">
		<search><![CDATA[public function review() {]]></search>
		<add position="after"><![CDATA[
			$data['entry_admin_author'] = $this->config->get('config_name');
		]]></add>
	</operation>
	<operation error="skip">
		<search><![CDATA[$results = $this->model_catalog_review->getReviewsByProductId($this->request->get['product_id'], ($page - 1) * 5, 5);]]></search>
		<add position="after"><![CDATA[
			$data['reviewsId']=count($results);		
		]]></add>
	</operation>
	<operation error="skip">
		<search><![CDATA[$data['reviews'][] = array(]]></search>
		<add position="after"><![CDATA[
			'review_id'		=> $result['review_id'],
			'admin_author'       => $result['admin_author'],
			'answer'       => $result['answer'],			
		]]></add>
	</operation>
</file>
<file path="catalog/model/catalog/review.php">
	<operation error="skip">
		<search><![CDATA[
			$query = $this->db->query("SELECT r.review_id, r.author, r.rating, r.text, p.product_id, pd.name, p.price, p.image, r.date_added FROM " . DB_PREFIX . "review r LEFT JOIN " . DB_PREFIX . "product p ON (r.product_id = p.product_id) LEFT JOIN " . DB_PREFIX . "product_description pd ON (p.product_id = pd.product_id) WHERE p.product_id = '" . (int)$product_id . "' AND p.date_available <= NOW() AND p.status = '1' AND r.status = '1' AND pd.language_id = '" . (int)$this->config->get('config_language_id') . "' ORDER BY r.date_added DESC LIMIT " . (int)$start . "," . (int)$limit);
		]]></search>
		<add position="replace"><![CDATA[
			$query = $this->db->query("SELECT r.review_id, r.author, r.admin_author, r.rating, r.text, r.answer, p.product_id, pd.name, p.price, p.image, r.date_added FROM " . DB_PREFIX . "review r LEFT JOIN " . DB_PREFIX . "product p ON (r.product_id = p.product_id) LEFT JOIN " . DB_PREFIX . "product_description pd ON (p.product_id = pd.product_id) WHERE p.product_id = '" . (int)$product_id . "' AND p.date_available <= NOW() AND p.status = '1' AND r.status = '1' AND pd.language_id = '" . (int)$this->config->get('config_language_id') . "' ORDER BY r.date_added DESC LIMIT " . (int)$start . "," . (int)$limit);
		]]></add>
	</operation>
</file>
<file path="catalog/view/theme/default/template/product/product.twig">
	<operation error="skip">
		<search><![CDATA[<div id="review"></div>]]></search>
		<add position="replace"><![CDATA[<div id="reviewReply"></div>]]></add>
	</operation>
	<operation error="skip">
		<search><![CDATA[$('#review').load('index.php?route=product/product/review&product_id={{ product_id }}');]]></search>
		<add position="replace"><![CDATA[$('#reviewReply').load('index.php?route=product/product/review&product_id={{ product_id }}');]]></add>
	</operation>
</file>
</modification>