﻿ <modification>
    <name>Gen Event</name>
    <code>gen_Events</code>
    <version>1.3.3</version>
    <author>gen</author>
 
<file path="admin/view/template/common/header.tpl">
    <operation>
      <search><![CDATA[<link href="view/stylesheet/bootstrap.css" type="text/css" rel="stylesheet" />]]></search>
      <add position="before"><![CDATA[	
		<link href="view/stylesheet/genEvent.css" type="text/css" rel="stylesheet" />
]]></add>
    </operation>
  </file>
  
	<file path="catalog/view/theme/default/template/common/header.tpl">
    <operation>
      <search><![CDATA[<link href="catalog/view/theme/default/stylesheet/stylesheet.css" rel="stylesheet">]]></search>
      <add position="before"><![CDATA[	
		<link rel="stylesheet" href="catalog/view/theme/default/stylesheet/fullcalendar.min.css">
		<script src="catalog/view/javascript/lib/moment.min.js" type="text/javascript"></script>
		<script src="catalog/view/javascript/lib/jquery.min.js" type="text/javascript"></script>
		<script src="catalog/view/javascript/fullcalendar.min.js" type="text/javascript"></script>
		<link rel="stylesheet" href="catalog/view/theme/default/stylesheet/EventsGen.css">
]]></add>
    </operation>
  </file>
  </modification>