<modification>
    <name>Customer Testimonials</name>
	<version>1.0</version>
	<author>Azeroth</author>
	<code>customer_testimonials</code>
	
	<file path="admin/language/en-gb/common/column_left.php">
		<operation>
			<search><![CDATA[$_['text_information']]]></search>
			<add position="before"><![CDATA[$_['text_ajaxtestimonial']                        = 'Custom Testimonials';]]></add>
		</operation>			
	</file>
	
	<file path="admin/language/ru-ru/common/column_left.php">
		<operation error="skip">
			<search><![CDATA[$_['text_information']]]></search>
			<add position="before"><![CDATA[$_['text_ajaxtestimonial']                        = 'Отзывы клиентов';]]></add>
		</operation>			
	</file>
	
	<file path="admin/controller/common/column_left.php">
		<operation>
			<search><![CDATA[if ($this->user->hasPermission('access', 'catalog/information')) {]]></search>
			<add position="before"><![CDATA[
				if ($this->user->hasPermission('access', 'catalog/ajaxtestimonial')) {		
				$catalog[] = array(
				'name'	   => $this->language->get('text_ajaxtestimonial'),
				'href'     => $this->url->link('catalog/ajaxtestimonial', 'token=' . $this->session->data['token'], true),
				'children' => array()		
				);					
				}
			]]></add>
		</operation>
	</file>	
	
	<file path="catalog/controller/common/{column_left, column_right, content_bottom, content_top}.php">
		<operation>
			<search><![CDATA[$setting_info = $this->model_extension_module->getModule($part[1]);]]></search>
			<add position="after"><![CDATA[
				$setting_info['position'] = basename(__FILE__, '.php');
			]]></add>
		</operation>
	</file>
</modification>
