<modification>
    <id>Совместимость Валюты плюс с модулем Связанные опции</id>
    <version>3.1</version>
    <vqmver>2.4.1</vqmver>
    <author>louise170 (louise@ya.ru)</author>

    <file name="admin/view/template/catalog/product_form.tpl">
        <operation error="log">
            <search position="replace" index="2"><![CDATA[<?php echo $entry_price; ?>]]></search>
            <add><![CDATA[<?php echo $entry_price.' / '.$entry_base_price; ?>]]></add>
        </operation>

        <operation error="log">
            <search position="replace"><![CDATA[str_add += "<input type='text' name='relatedoptions["+ro_counter+"][price]' value='"+(params['price']||'')+"' size='10'>";]]></search>
            <add><![CDATA[str_add += "<input type='text' name='relatedoptions["+ro_counter+"][price]' value='"+(params['price']||'')+"' size='10'> / <input type='text' name='relatedoptions["+ro_counter+"][base_price]' value='"+(params['base_price']||'')+"' size='10'>";]]></add>
        </operation>

        <operation error="log">
            <search position="replace"><![CDATA[str_add += "<input type='hidden' name='relatedoptions["+ro_counter+"][price]' value='"+(params['price']||'')+"'>";]]></search>
            <add><![CDATA[str_add += "<input type='hidden' name='relatedoptions["+ro_counter+"][price]' value='"+(params['price']||'')+"'> / <input type='hidden' name='relatedoptions["+ro_counter+"][base_price]' value='"+(params['base_price']||'')+"'>";]]></add>
        </operation>

        <operation error="log">
            <search position="replace"><![CDATA[str_add += "<input type='text' size='10' name='"+first_name+"[price]' value='"+((discount=="")?(""):(discount['price']))+"' title=\"<?php echo htmlspecialchars($entry_price); ?>\">";]]></search>
            <add><![CDATA[str_add += "<input type='text' size='10' name='"+first_name+"[price]' value='"+((discount=="")?(""):(discount['price']))+"' title=\"<?php echo htmlspecialchars($entry_price); ?>\"> / <input type='text' size='10' name='"+first_name+"[base_price]' value='"+((discount=="")?(""):(discount['base_price']))+"' title=\"<?php echo htmlspecialchars($entry_base_price); ?>\">";]]></add>
        </operation>

        <operation error="log">
            <search position="after"><![CDATA[echo "rop['price']=".(float)$rop['price'].";\n";]]></search>
            <add><![CDATA[echo "rop['base_price']=".(float)$rop['base_price'].";\n";]]></add>
        </operation>

        <operation error="log">
            <search position="after"><![CDATA[= '".(float)$rop_discount['price']."';\n";]]></search>
            <add><![CDATA[echo "rop['discounts'][".$discount_cnt."]['base_price'] = '".(float)$rop_discount['base_price']."';\n";]]></add>
        </operation>
    </file>

    <file name="admin/model/module/related_options.php">
        <operation error="log">
            <search position="replace"><![CDATA[,price = ".(float)$relatedoption['price']."]]></search>
            <add><![CDATA[,price = ".(float)$relatedoption['price'].",base_price = ".(float)$relatedoption['base_price']."]]></add>
        </operation>

        <operation error="log">
            <search position="replace"><![CDATA[= " . (float)$ro_discount['price'] . "]]></search>
            <add><![CDATA[= " . (float)$ro_discount['price'] . ", base_price = " . (float)$ro_discount['base_price'] . "]]></add>
        </operation>

        <operation error="log">
            <search position="replace"><![CDATA[, 'price' => $row1['price']]]></search>
            <add><![CDATA[, 'price' => $row1['price'], 'base_price' => $row1['base_price']]]></add>
        </operation>

        <operation error="log">
            <search position="replace"><![CDATA['price'=>$row_d['price'],]]></search>
            <add><![CDATA['price'=>$row_d['price'], 'base_price'=>$row_d['base_price'],]]></add>
        </operation>

        <operation error="log">
            <search position="after"><![CDATA[$data[$row['relatedoptions_id']]['price'] = $row['price'];]]></search>
            <add><![CDATA[$data[$row['relatedoptions_id']]['base_price'] = $row['base_price'];]]></add>
        </operation>

        <operation error="log">
            <search position="after"><![CDATA[if (!isset($relatedoption['price'])) $relatedoption['price'] = 0;]]></search>
            <add><![CDATA[if (!isset($relatedoption['base_price'])) $relatedoption['base_price'] = 0;]]></add>
        </operation>

        <operation error="log">
            <search position="after"><![CDATA[`price` decimal(15,4) NOT NULL,]]></search>
            <add><![CDATA[`base_price` decimal(15,4) NOT NULL,]]></add>
        </operation>

        <operation error="log">
            <search position="before"><![CDATA[$query = $this->db->query("SHOW COLUMNS FROM `" . DB_PREFIX . "relatedoptions` WHERE field='price' ");]]></search>
            <add><![CDATA[
            $query = $this->db->query("SHOW COLUMNS FROM `" . DB_PREFIX . "relatedoptions` WHERE field='base_price' ");
		    if (!$query->num_rows) {
			    $this->db->query("ALTER TABLE `".DB_PREFIX."relatedoptions` ADD COLUMN `base_price` decimal(15,4) NOT NULL " );
		    }
		    ]]></add>
        </operation>
    </file>


    <file name="admin/model/catalog/product.php">
        <operation error="log">
            <search position="after"><![CDATA[
                $this->model_module_related_options->editRelatedOptions($product_id
            ]]>
            </search>
            <add><![CDATA[
                file_get_contents(HTTP_CATALOG."index.php?route=wgi/currency_plus&type=product&data[product_id]=".$product_id);
            ]]>
            </add>
        </operation>
    </file>

</modification>