﻿<?xml version="1.0" encoding="UTF-8"?>
<modification>
    <name>Opencart product statistic</name>
    <code>product statistic</code>
    <version>0.0.2</version>
	<link>mailto:genodessa@gmail.com</link>
    <author>GEN2023</author>
	<file path="admin/controller/common/column_left.php">
    <operation>
      <search><![CDATA[if ($this->user->hasPermission('access', 'catalog/information')) {]]></search>
      <add position="before"><![CDATA[
			if ($this->user->hasPermission('access', 'extension/module/gen_product_statistics/statistics_list')) {		
				$catalog[] = array(
					'name'	   => $this->language->get('text_statistic_product'),
					'href'     => $this->url->link('extension/module/gen_product_statistics/statistics_list', 'user_token=' . $this->session->data['user_token'], true),
					'children' => array()		
				);					
			}
      	]]></add>
    </operation>
  </file>
  <file path="admin/language/ru-ru/common/column_left.php">
    <operation>
      <search><![CDATA[$_['text_manufacturer']]]></search>
      <add position="before"><![CDATA[$_['text_statistic_product'] = 'Отзывы магазина';]]></add>
    </operation>
  </file>
</modification>