<modification>
    <name>Валюта Плюс для модуля soconfig</name>
    <code>LouiseCurrencyPlusSoconfig</code>
    <version>1.0</version>
    <author>louise170 (louise@ya.ru)</author>
    <link><![CDATA[https://opencartforum.com/files/file/1645-валюта-плюс/]]></link>

    <file path="admin/view/template/extension/soconfig/mproduct_form.tpl">
        <operation error="skip">
            <search><![CDATA[
                <?php echo $price; ?>
            ]]>
            </search>
            <add position="after" offset="2"><![CDATA[
            <div class="form-group">
                <label class="col-sm-2 control-label" for="input-base-price"><?php echo $entry_base_price; ?></label>
                <div class="col-sm-10">
                    <input type="text" name="base_price" value="<?php echo $base_price; ?>" placeholder="<?php echo $entry_base_price; ?>" id="input-base-price" class="form-control" />
                </div>
            </div>

            <div class="form-group">
                <label class="col-sm-2 control-label" for="input-base-currency-code"><?php echo $entry_base_currency; ?></label>
                <div class="col-sm-10">
                    <select name="base_currency_code" id="input-base-currency-code" class="form-control" >
                      <?php foreach ($currencies as $currency) { ?>
                      <?php if ($currency['code'] == $base_currency_code) { ?>
                      <option value="<?php echo $currency['code']; ?>" selected="selected"><?php echo $currency['title']; ?></option>
                      <?php } else { ?>
                      <option value="<?php echo $currency['code']; ?>"><?php echo $currency['title']; ?></option>
                      <?php } ?>
                      <?php } ?>
                    </select>
                </div>
            </div>
            ]]>
            </add>
        </operation>

        <operation error="skip">
            <search><![CDATA[<td class="text-right"><?php echo $entry_price; ?></td>]]></search>
            <add position="replace"><![CDATA[<td class="text-right"><?php echo $entry_price.' / '.$entry_base_price; ?></td>]]></add>
        </operation>

        <operation error="skip">
            <search><![CDATA[
                <input type="text" name="product_option[<?php echo $option_row; ?>][product_option_value][<?php echo $option_value_row; ?>][price]" value="<?php echo $product_option_value['price']; ?>" placeholder="<?php echo $entry_price; ?>" class="form-control" /></td>
            ]]>
            </search>
            <add position="replace"><![CDATA[
                <input type="text" name="product_option[<?php echo $option_row; ?>][product_option_value][<?php echo $option_value_row; ?>][price]" value="<?php echo $product_option_value['price']; ?>" placeholder="<?php echo $entry_price; ?>" class="form-control" />
                / <input type="text" name="product_option[<?php echo $option_row; ?>][product_option_value][<?php echo $option_value_row; ?>][base_price]" value="<?php echo $product_option_value['base_price']; ?>" placeholder="<?php echo $entry_base_price; ?>" class="form-control" /></td>
            ]]>
            </add>
        </operation>

        <operation error="skip">
            <search><![CDATA[
                        html += '  <input type="text" name="product_option[' + option_row + '][product_option_value][' + option_value_row + '][price]" value="" placeholder="<?php echo $entry_price; ?>" class="form-control" /></td>';
            ]]>
            </search>
            <add position="replace"><![CDATA[
            html += '  <input type="text" name="product_option[' + option_row + '][product_option_value][' + option_value_row + '][price]" value="" placeholder="<?php echo $entry_price; ?>" class="form-control" />';
            html += '  <input type="text" name="product_option[' + option_row + '][product_option_value][' + option_value_row + '][base_price]" value="" placeholder="<?php echo $entry_base_price; ?>" class="form-control" /></td>';
            ]]>
            </add>
        </operation>

        <operation error="skip">
            <search><![CDATA[
                <td class="text-right"><input type="text" name="product_discount[<?php echo $discount_row; ?>][price]" value="<?php echo $product_discount['price']; ?>" placeholder="<?php echo $entry_price; ?>" class="form-control" /></td>
            ]]>
            </search>
            <add position="replace"><![CDATA[
                <td class="text-right"><input type="text" name="product_discount[<?php echo $discount_row; ?>][price]" value="<?php echo $product_discount['price']; ?>" placeholder="<?php echo $entry_price; ?>" class="form-control" />
                / <input type="text" name="product_discount[<?php echo $discount_row; ?>][base_price]" value="<?php echo $product_discount['base_price']; ?>" placeholder="<?php echo $entry_base_price; ?>" class="form-control" /></td>
            ]]>
            </add>
        </operation>

        <operation error="skip">
            <search><![CDATA[
                html += '  <td class="text-right"><input type="text" name="product_discount[' + discount_row + '][price]" value="" placeholder="<?php echo $entry_price; ?>" class="form-control" /></td>';
            ]]>
            </search>
            <add position="replace"><![CDATA[
                html += '  <td class="text-right"><input type="text" name="product_discount[' + discount_row + '][price]" value="" placeholder="<?php echo $entry_price; ?>" class="form-control" /> / <input type="text" name="product_discount[' + discount_row + '][base_price]" value="" placeholder="<?php echo $entry_base_price; ?>" class="form-control" /></td>';
            ]]>
            </add>
        </operation>

        <operation error="skip">
            <search><![CDATA[
                <td class="text-right"><input type="text" name="product_special[<?php echo $special_row; ?>][price]" value="<?php echo $product_special['price']; ?>" placeholder="<?php echo $entry_price; ?>" class="form-control" /></td>
            ]]>
            </search>
            <add position="replace"><![CDATA[
                <td class="text-right"><input type="text" name="product_special[<?php echo $special_row; ?>][price]" value="<?php echo $product_special['price']; ?>" placeholder="<?php echo $entry_price; ?>" class="form-control" />
                / <input type="text" name="product_special[<?php echo $special_row; ?>][base_price]" value="<?php echo $product_special['base_price']; ?>" placeholder="<?php echo $entry_base_price; ?>" class="form-control" /></td>
            ]]>
            </add>
        </operation>

        <operation error="skip">
            <search><![CDATA[
                html += '  <td class="text-right"><input type="text" name="product_special[' + special_row + '][price]" value="" placeholder="<?php echo $entry_price; ?>" class="form-control" /></td>';
            ]]>
            </search>
            <add position="replace">
                <![CDATA[
                html += '  <td class="text-right"><input type="text" name="product_special[' + special_row + '][price]" value="" placeholder="<?php echo $entry_price; ?>" class="form-control" /> / <input type="text" name="product_special[' + special_row + '][base_price]" value="" placeholder="<?php echo $entry_base_price; ?>" class="form-control" /></td>';
            ]]>
            </add>
        </operation>
    </file>


    <file path="admin/language/*/soconfig/mproduct.php">
        <operation error="skip">
            <search><![CDATA[<?php
            ]]>
            </search>
            <add position="after"><![CDATA[
                $_['entry_base_price']            = 'Base Price:';
                $_['entry_base_currency']         = 'Base Currency:';
            ]]>
            </add>
        </operation>
    </file>


    <file path="admin/model/soconfig/mproduct.php">
        <operation error="skip">
            <search><![CDATA[, upc =]]>
            </search>
            <add position="replace"><![CDATA[, base_price = '" . (float)$data['base_price'] . "', base_currency_code = '" . $data['base_currency_code'] . "', upc =]]>
            </add>
        </operation>

        <operation error="skip">
            <search><![CDATA[price = '" . (float)$product_option_value['price'] . "',]]>
            </search>
            <add position="replace"><![CDATA[base_price = '" . (float)$product_option_value['base_price'] . "', price = '" . (float)$product_option_value['price'] . "',]]>
            </add>
        </operation>

        <operation error="skip">
            <search><![CDATA[
                'price'                   => $product_option_value['price'],
            ]]>
            </search>
            <add position="after"><![CDATA[
                'base_price'         => isset($product_option_value['base_price'])? $product_option_value['base_price'] : '',
            ]]>
            </add>
        </operation>

        <operation error="skip">
            <search><![CDATA[
                priority = '" . (int)$product_discount['priority'] . "',
            ]]>
            </search>
            <add position="replace"><![CDATA[
                base_price = '" . (float)$product_discount['base_price'] . "', priority = '" . (int)$product_discount['priority'] . "',
            ]]>
            </add>
        </operation>

        <operation error="skip">
            <search><![CDATA[
                priority = '" . (int)$product_special['priority'] . "',
            ]]>
            </search>
            <add position="replace"><![CDATA[
                base_price = '" . (float)$product_special['base_price'] . "', priority = '" . (int)$product_special['priority'] . "',
            ]]>
            </add>
        </operation>

        <operation error="skip">
            <search><![CDATA[
                if (isset($data['product_image'])) {
            ]]>
            </search>
            <add position="before"><![CDATA[
                file(HTTPS_CATALOG."index.php?route=wgi/currency_plus&type=product&data[product_id]=".$product_id);
           ]]>
            </add>
        </operation>
    </file>


</modification>

