<modification>
    <name>Fix Menu for Opencart 2.3.0.x</name>
    <code>LouiseFixMenuForOpenCart230x</code>
    <version>1.2</version>
    <author>louise170 (louise@ya.ru)</author>
    <link><![CDATA[]]></link>

    <file path="admin/controller/common/header.php">
        <operation error="log">
            <search><![CDATA[
				$data['stores'] = array();
			]]></search>
            <add position="before"><![CDATA[
				$route = explode('/', $this->request->get['route']);
				$extension_types = array('analytics', 'captcha', 'dashboard', 'feed', 'fraud', 'menu', 'module', 'payment', 'shipping', 'theme', 'total');

				if ($route[0] == 'extension' && in_array($route[1], $extension_types) && empty($route[2])) {
					$this->response->redirect($this->url->link('extension/extension', 'type=' . $route[1] . '&token=' . $this->session->data['token'], true));
				}
			]]></add>
        </operation>
    </file>

    <file path="admin/language/en-gb/common/column_left.php">
        <operation error="log">
            <search><![CDATA[
				<?php
			]]></search>
            <add position="after"><![CDATA[
				$_['text_analytics'] = 'Analytics';
				$_['text_fraud'] = 'Anti-Fraud';
				$_['text_captcha'] = 'Captcha';
				$_['text_dashboard'] = 'Dashboard';
				$_['text_feed'] = 'Feeds';
				$_['text_module'] = 'Modules';
				$_['text_total'] = 'Order Totals';
				$_['text_payment'] = 'Payments';
				$_['text_shipping'] = 'Shipping';
				$_['text_themes'] = 'Themes';
			]]></add>
        </operation>
    </file>

    <file path="admin/language/ru-ru/common/column_left.php">
        <operation error="log">
            <search><![CDATA[
				<?php
			]]></search>
            <add position="after"><![CDATA[
				$_['text_analytics'] = 'Статистика';
				$_['text_fraud'] = 'Защита от мошенничества';
				$_['text_captcha'] = 'Captcha';
				$_['text_dashboard'] = 'Панель управления';
				$_['text_feed'] = 'Каналы продвижения';
				$_['text_module'] = 'Модули';
				$_['text_total'] = 'Учитывать в заказе';
				$_['text_payment'] = 'Платежи';
				$_['text_shipping'] = 'Доставка';
				$_['text_themes'] = 'Шаблоны';
			]]></add>
        </operation>
    </file>

    <file path="admin/controller/common/column_left.php">
        <operation error="log">
            <search><![CDATA[
				if ($this->user->hasPermission('access', 'extension/extension')) {
			]]></search>
            <add position="before"><![CDATA[
				$extension_children = array();

				$extension_types = array(
					'analytics'	=> $this->language->get('text_analytics'),
					'fraud'		=> $this->language->get('text_fraud'),
					'captcha'	=> $this->language->get('text_captcha'),
					'dashboard'	=> $this->language->get('text_dashboard'),
					'feed'		=> $this->language->get('text_feed'),
					'module'	=> $this->language->get('text_module'),
					'total'		=> $this->language->get('text_total'),
					'payment'	=> $this->language->get('text_payment'),
					'shipping'	=> $this->language->get('text_shipping'),
					'theme'		=> $this->language->get('text_themes')
				);

				foreach ($extension_types as $key => $value) {
					if (!$this->user->hasPermission('access', 'extension/extension/' . $key)) {
					    continue;
                    }

					$extension_children[] = array(
						'name'		=> $value,
						'href'		=> $this->url->link('extension/extension', 'type=' . $key . '&token=' . $this->session->data['token'], true),
						'children'	=> array(),
					);
				}
			]]></add>
        </operation>

        <operation error="log">
            <search><![CDATA[
				'href'     => $this->url->link('extension/extension', 'token=' . $this->session->data['token'], true),
			]]></search>
            <add position="replace" offset="1"><![CDATA[
				'href' => '',
				'children' => $extension_children,
			]]></add>
        </operation>
    </file>

    <file path="admin/controller/extension/extension.php">
        <operation error="log">
            <search><![CDATA[
				$extension = basename($file, '.php');
			]]></search>
            <add position="after"><![CDATA[
				if ($extension == 'menu') {
				    continue;
				}
			]]></add>
        </operation>

        <operation error="log">
            <search><![CDATA[
				$this->response->setOutput($this->load->view('extension/extension
			]]></search>
            <add position="before"><![CDATA[
				$sort_field = array();
				foreach ($data['categories'] as $key => $value) $sort_field[$key] = $value['text'];
				array_multisort($sort_field, SORT_ASC, $data['categories']);
			]]></add>
        </operation>
    </file>

    <file path="admin/controller/extension/extension/*.php">
        <operation error="log">
            <search><![CDATA[
				$this->response->setOutput($this->load->view('extension/extension/
			]]></search>
            <add position="before"><![CDATA[
				$ex_names = array();
				$sort_field = array();
				foreach ($data['extensions'] as $key => $value) {
					if (in_array($value['name'], $ex_names)) {
						unset($data['extensions'][$key]);
					} else {
						$sort_field[$key] = $value['name'];
						$ex_names[] = $value['name'];
					}
				}
				array_multisort($sort_field, SORT_ASC, $data['extensions']);
			]]></add>
        </operation>
    </file>

    <file path="admin/model/user/user_group.php">
        <operation error="log">
            <search><![CDATA[
				public function editUserGroup($user_group_id, $data) {
			]]></search>
            <add position="after"><![CDATA[
				$extension_types = array('analytics', 'fraud', 'captcha', 'dashboard', 'feed', 'module', 'total', 'payment', 'shipping', 'theme');

				foreach ($data['permission'] as $key => $permission) {
					foreach ($permission as $value) {
						$parts = explode('/', $value);
						if (in_array($parts[0], $extension_types)) {
							$data['permission'][$key][] = 'extension/' . $value;
						}
					}
				}
			]]></add>
        </operation>

        <operation error="log">
            <search><![CDATA[
				$data[$type][] = $route;
			]]></search>
            <add position="after"><![CDATA[
				if (strpos($route, 'extension/') === 0) {
					$data[$type][] = str_replace('extension/', '', $route);
				}
			]]></add>
        </operation>
    </file>

    <file path="system/engine/loader.php">
        <operation error="log">
            <search><![CDATA[
				$output = $action->execute($this->registry, array(&$data));
			]]></search>
            <add position="after"><![CDATA[
				if ($output instanceof Exception) {
					$action = new Action(str_replace('extension/', '', $route));
					$output = $action->execute($this->registry, array(&$data));
				}
			]]></add>
        </operation>
    </file>

    <file path="admin/controller/common/column_left.php">
        <operation error="log">
            <search><![CDATA[
				if ($other_total) {
			]]></search>
            <add position="replace"><![CDATA[
				if ($other_total and $order_total > 0) {
			]]></add>
        </operation>
    </file>

</modification>