<modification>
    <id>Валюта Плюс для Option To Product</id>
    <version>3.1</version>
    <vqmver>2.4.1</vqmver>
    <author>louise170 (louise@ya.ru)</author>

    <file name="admin/view/template/catalog/product_form.tpl">
        <operation error="log">
            <search position="replace"><![CDATA['<td class="text-right">'.$tab_special.'</td>']]></search>
            <add><![CDATA['<td class="text-right">'.$tab_special.': / '.$entry_base_price.'</td>']]></add>
        </operation>

        <operation error="log">
            <search position="replace"><![CDATA['<td class="text-right"><?php echo $tab_special; ?></td>']]></search>
            <add><![CDATA['<td class="text-right"><?php echo $tab_special; ?>: / <?php echo $entry_base_price; ?></td>']]></add>
        </operation>

        <operation error="log">
            <search position="replace">
            <![CDATA[
                $html .= '<input type="text" class="form-control" name="otp_options[otp_option_value]['.$otp_option_value_row.'][price]" value="'.$otp_option_value['price'].'" /></td>';
            ]]>
            </search>
            <add>
            <![CDATA[
                $html .= '<input type="text" class="form-control" name="otp_options[otp_option_value]['.$otp_option_value_row.'][price]" value="'.$otp_option_value['price'].'" />&nbsp;/&nbsp;<input type="text" class="form-control" name="otp_options[otp_option_value]['.$otp_option_value_row.'][base_price]" value="'.$otp_option_value['base_price'].'" /></td>';
            ]]>
            </add>
        </operation>

        <operation error="log">
            <search position="replace">
            <![CDATA[
	            $html .= '<td class="text-right"><input type="text" class="form-control" name="otp_options[otp_option_value]['.$otp_option_value_row.'][special]" value="'.$otp_option_value['special'].'" /></td>';
	        ]]>
            </search>
            <add>
            <![CDATA[
                $html .= '<td class="text-right"><input type="text" class="form-control" name="otp_options[otp_option_value]['.$otp_option_value_row.'][special]" value="'.$otp_option_value['special'].'" />&nbsp;/&nbsp;<input type="text" class="form-control" name="otp_options[otp_option_value]['.$otp_option_value_row.'][base_special]" value="'.$otp_option_value['base_special'].'" /></td>';
	        ]]>
            </add>
        </operation>

        <operation error="log">
            <search position="replace"><![CDATA[
                html += '</select><input type="text" class="form-control" name="otp_options[otp_option_value][' + otp_option_value_row + '][price]" value="" /></td>';
            ]]>
            </search>
            <add><![CDATA[
                html += '</select><input type="text" class="form-control" name="otp_options[otp_option_value][' + otp_option_value_row + '][price]" value="" />&nbsp;/&nbsp;<input type="text" class="form-control" name="otp_options[otp_option_value][' + otp_option_value_row + '][base_price]" value="" /></td>';
            ]]>
            </add>
        </operation>

        <operation error="log">
            <search position="replace"><![CDATA[
                <input type="hidden" name="otp_options[otp_option_value][' + otp_option_value_row + '][price]" value="">
            ]]>
            </search>
            <add><![CDATA[
                <input type="hidden" name="otp_options[otp_option_value][' + otp_option_value_row + '][price]" value=""><input type="hidden" name="otp_options[otp_option_value][' + otp_option_value_row + '][base_price]" value="">
            ]]>
            </add>
        </operation>

        <operation error="log">
            <search position="replace">
            <![CDATA[
                html += '<td><input type="text" class="form-control" name="otp_options[otp_option_value][' + otp_option_value_row + '][special]" value="" /></td>';
            ]]>
            </search>
            <add>
            <![CDATA[
                html += '<td><input type="text" class="form-control" name="otp_options[otp_option_value][' + otp_option_value_row + '][special]" value="" />&nbsp;/&nbsp;<input type="text" class="form-control" name="otp_options[otp_option_value][' + otp_option_value_row + '][base_special]" value="" /></td>';
            ]]>
            </add>
        </operation>

        <operation error="log">
            <search position="replace"><![CDATA[
                <input type="hidden" name="otp_options[otp_option_value][' + otp_option_value_row + '][special]" value="">
            ]]>
            </search>
            <add><![CDATA[
                <input type="hidden" name="otp_options[otp_option_value][' + otp_option_value_row + '][special]" value=""><input type="hidden" name="otp_options[otp_option_value][' + otp_option_value_row + '][base_special]" value="">
            ]]>
            </add>
        </operation>

        <operation error="log">
            <search position="replace"><![CDATA[<td class="text-right"><?php echo $entry_price; ?></td>]]></search>
            <add><![CDATA[<td class="text-right"><?php echo $entry_price.' / '.$entry_base_price; ?></td>]]></add>
        </operation>

        <operation error="log">
            <search position="replace"><![CDATA[$html .= '<td class="text-right">'.$entry_price.'</td>';]]></search>
            <add><![CDATA[$html .= '<td class="text-right">'.$entry_price.' / '.$entry_base_price.'</td>';]]></add>
        </operation>
    </file>

    <file name="admin/model/catalog/product.php">
        <operation error="log">
            <search position="replace">
            <![CDATA[
                price = '" . $option_value['price'] . "',
            ]]>
            </search>
            <add>
            <![CDATA[
                base_price = '" . $option_value['base_price'] . "', base_special = '" . $option_value['base_special'] . "', price = '" . $option_value['price'] . "',
            ]]>
            </add>
        </operation>

        <operation error="log">
            <search position="after"><![CDATA[
                => $otp_option_value['id'],
            ]]>
            </search>
            <add><![CDATA[
                'base_price'   => $otp_option_value['base_price'],
                'base_special' => $otp_option_value['base_special'],
            ]]>
            </add>
        </operation>
    </file>


    <file name="admin/model/extension/module/currency_plus.php">
        <operation error="log">
            <search position="after">
            <![CDATA[
                public function create_fields() {
            ]]>
            </search>
            <add>
            <![CDATA[
				$query = $this->db->query("SHOW COLUMNS FROM " . DB_PREFIX . "otp_data WHERE field = 'base_price'");
				if (count($query->rows) == 0) {
					$this->db->query("ALTER TABLE `" . DB_PREFIX . "otp_data` ADD COLUMN `base_price` decimal(15,4) NOT NULL;");
				}

				$query = $this->db->query("SHOW COLUMNS FROM " . DB_PREFIX . "otp_data WHERE field = 'base_special'");
				if (count($query->rows) == 0) {
					$this->db->query("ALTER TABLE `" . DB_PREFIX . "otp_data` ADD COLUMN `base_special` decimal(15,4) NOT NULL;");
				}
            ]]>
            </add>
        </operation>
    </file>

</modification>

