<modification>
  <id>Валюта Плюс для модуля Связанные опции</id>
  <version>1.0</version>
  <vqmver>2.4.1</vqmver>
  <author>louise170 (louise@ya.ru)</author>

  <file name="admin/view/template/catalog/product_form.tpl,admin/view/template/extension/soconfig/mproduct_form.tpl,admin/view/template/catalog/product_tshirtecommerce.tpl">
    <operation error="log">
      <search position="replace"><![CDATA[
        str_add += "<input type='text' class='form-control' name='ro_data["+ro_tabs_num+"][ro]["+ro_counter+"][price]' value='"+(params['price']||'')+"' size='10'>";
      ]]></search>
      <add><![CDATA[
				str_add += "<input type='text' class='form-control' name='ro_data["+ro_tabs_num+"][ro]["+ro_counter+"][price]' value='"+(params['price']||'')+"' size='10'> / <input type='text' class='form-control' name='ro_data["+ro_tabs_num+"][ro]["+ro_counter+"][base_price]' value='"+(params['base_price']||'')+"' size='10'>";
      ]]></add>
    </operation>

    <operation error="log">
      <search position="replace"><![CDATA[<?php echo addslashes($entry_price); ?>]]></search>
      <add><![CDATA[<?php echo addslashes($entry_price); ?> / <?php echo $entry_base_price; ?>]]></add>
    </operation>
  </file>

  <file name="admin/model/module/related_options.php">
    <operation error="log">
      <search position="replace"><![CDATA[
        ,price = ".(float)$relatedoption['price']."
      ]]></search>
      <add><![CDATA[
        ,price = ".(float)$relatedoption['price'].",base_price = ".(float)$relatedoption['base_price']."
      ]]></add>
    </operation>
  </file>

</modification>

