<?xml version="1.0" encoding="utf-8"?>
<modification>
<name>User reply to comment</name>
	<version>2</version>
	<link>https://dev-opencart.com</link>
	<author>Gen</author>
	<code>dev_opencart_com_answer_to_comm_user</code>
<file path="admin/controller/catalog/review.php">
	<operation error="skip">
		<search><![CDATA[$this->load->model('catalog/product');]]></search>
		<add position="before"><![CDATA[
			$this->load->model('user/user');
		
			$user_info = $this->model_user_user->getUser($this->user->getId());

			if ($user_info) {
				$data['user_group'] = $user_info['user_group'] ;
			} else {
				$data['user_group'] = '';
			}
		]]></add>
	</operation>
	<operation error="skip">
		<search><![CDATA[if (isset($this->request->post['rating'])) {]]></search>
		<add position="before"><![CDATA[
			if (isset($this->request->post['admin_author'])) {
				$data['admin_author'] = $this->request->post['admin_author'];
			} elseif (!empty($review_info)) {
				$data['admin_author'] = $review_info['admin_author'] ? $review_info['admin_author'] : $data['user_group'];
			} else {
				$data['admin_author'] = $data['user_group'];
			}
			
			if (isset($this->request->post['answer'])) {
				$data['answer'] = $this->request->post['answer'];
			} elseif (!empty($review_info)) {
				$data['answer'] = $review_info['answer'];
			} else {
				$data['answer'] = '';
			}
		]]></add>
	</operation>
</file>
<file path="admin/language/ru-ru/catalog/review.php">
	<operation error="skip">
		<search><![CDATA[$_['entry_text']]]></search>
		<add position="after"><![CDATA[
			$_['entry_author_answer']   	= 'Автор ответа';
			$_['entry_answer']   	= 'Ответ';
		]]></add>
	</operation>
</file>
<file path="admin/language/ua-uk/catalog/review.php">
	<operation error="skip">
		<search><![CDATA[$_['entry_text']]]></search>
		<add position="after"><![CDATA[
			$_['entry_author_answer']   	= 'Автор відповіді';
			$_['entry_answer']   	= 'Відповідь';
		]]></add>
	</operation>
</file>
<file path="admin/language/en-gb/catalog/review.php">
	<operation error="skip">
		<search><![CDATA[$_['entry_text']]]></search>
		<add position="after"><![CDATA[
			$_['entry_author_answer']   	= 'Author answer';
			$_['entry_answer']   	= 'Answer';
		]]></add>
	</operation>
</file>
<file path="admin/model/catalog/review.php">
	<operation error="skip">
		<search><![CDATA[public function getReviews($data = array()) {]]></search>
		<add position="after"><![CDATA[
			$result_hd_description = $this->db->query("SHOW COLUMNS FROM " . DB_PREFIX . "review LIKE 'admin_author';");
			if ($result_hd_description->num_rows == 0) {
				$this->db->query("ALTER TABLE " . DB_PREFIX . "review ADD COLUMN `admin_author` VARCHAR( 64 ) NOT NULL AFTER `author`");                
			}
			
			$result_hd_description = $this->db->query("SHOW COLUMNS FROM " . DB_PREFIX . "review LIKE 'answer';");
			if ($result_hd_description->num_rows == 0) {
				$this->db->query("ALTER TABLE " . DB_PREFIX . "review ADD COLUMN `answer` TEXT NOT NULL AFTER `text`");                
			}
		
		]]></add>
	</operation>
	<operation error="skip">
		<search><![CDATA[
			$this->db->query("INSERT INTO " . DB_PREFIX . "review SET author = '" . $this->db->escape($data['author']) . "', product_id = '" . (int)$data['product_id'] . "', text = '" . $this->db->escape(strip_tags($data['text'])) . "', rating = '" . (int)$data['rating'] . "', status = '" . (int)$data['status'] . "', date_added = '" . $this->db->escape($data['date_added']) . "'");			
		]]></search>
		<add position="replace"><![CDATA[
			$this->db->query("INSERT INTO " . DB_PREFIX . "review SET author = '" . $this->db->escape($data['author']) . "', product_id = '" . (int)$data['product_id'] . "', text = '" . $this->db->escape(strip_tags($data['text'])) . "', admin_author = '" . $this->db->escape($data['admin_author']) . "', answer = '" . $this->db->escape(strip_tags($data['answer'])) . "', rating = '" . (int)$data['rating'] . "', status = '" . (int)$data['status'] . "', date_added = '" . $this->db->escape($data['date_added']) . "'");
		]]></add>
	</operation>
	<operation error="skip">
		<search><![CDATA[
			$this->db->query("UPDATE " . DB_PREFIX . "review SET author = '" . $this->db->escape($data['author']) . "', product_id = '" . (int)$data['product_id'] . "', text = '" . $this->db->escape(strip_tags($data['text'])) . "', rating = '" . (int)$data['rating'] . "', status = '" . (int)$data['status'] . "', date_added = '" . $this->db->escape($data['date_added']) . "', date_modified = NOW() WHERE review_id = '" . (int)$review_id . "'");
		]]></search>
		<add position="replace"><![CDATA[
			$this->db->query("UPDATE " . DB_PREFIX . "review SET author = '" . $this->db->escape($data['author']) . "', product_id = '" . (int)$data['product_id'] . "', text = '" . $this->db->escape(strip_tags($data['text'])) . "', admin_author = '" . $this->db->escape($data['admin_author']) . "', answer = '" . $this->db->escape(strip_tags($data['answer'])) . "', rating = '" . (int)$data['rating'] . "', status = '" . (int)$data['status'] . "', date_added = '" . $this->db->escape($data['date_added']) . "', date_modified = NOW() WHERE review_id = '" . (int)$review_id . "'");
		]]></add>
	</operation>
</file>
<file path="admin/view/template/catalog/review_form.twig">
	<operation error="skip">
		<search><![CDATA[<label class="col-sm-2 control-label" for="input-name">{{ entry_rating }}</label>]]></search>
		<add position="before" offset="1"><![CDATA[
		  <div class="form-group">
            <label class="col-sm-2 control-label" for="input-admin-author">{{ entry_author_answer }}</label>
            <div class="col-sm-10">
              <input type="text" name="admin_author" value="{{ admin_author }}" placeholder="{{ user_group }}" id="input-admin-author" class="form-control" />
			</div>
          </div>
          <div class="form-group">
            <label class="col-sm-2 control-label" for="input-answer">{{ entry_answer }}</label>
            <div class="col-sm-10">
              <textarea name="answer" cols="60" rows="8" placeholder="{{ entry_answer }}" id="input-answer" class="form-control">{{ answer }}</textarea>
            </div>
          </div>
		]]></add>
	</operation>
</file>
<file path="catalog/controller/product/product.php">
	<operation error="skip">
		<search><![CDATA[public function review() {]]></search>
		<add position="after"><![CDATA[
			$data['entry_admin_author'] = $this->config->get('config_name');
		]]></add>
	</operation>
	<operation error="skip">
		<search><![CDATA[$results = $this->model_catalog_review->getReviewsByProductId($this->request->get['product_id'], ($page - 1) * 5, 5);]]></search>
		<add position="after"><![CDATA[
			$data['reviewsId']=count($results);		
		]]></add>
	</operation>
	<operation error="skip">
		<search><![CDATA[$data['reviews'][] = array(]]></search>
		<add position="after"><![CDATA[
			'review_id'		=> $result['review_id'],
			'admin_author'       => $result['admin_author'],
			'answer'       => $result['answer'],			
		]]></add>
	</operation>
</file>
<file path="catalog/model/catalog/review.php">
	<operation error="skip">
		<search><![CDATA[
			$query = $this->db->query("SELECT r.review_id, r.author, r.rating, r.text, p.product_id, pd.name, p.price, p.image, r.date_added FROM " . DB_PREFIX . "review r LEFT JOIN " . DB_PREFIX . "product p ON (r.product_id = p.product_id) LEFT JOIN " . DB_PREFIX . "product_description pd ON (p.product_id = pd.product_id) WHERE p.product_id = '" . (int)$product_id . "' AND p.date_available <= NOW() AND p.status = '1' AND r.status = '1' AND pd.language_id = '" . (int)$this->config->get('config_language_id') . "' ORDER BY r.date_added DESC LIMIT " . (int)$start . "," . (int)$limit);
		]]></search>
		<add position="replace"><![CDATA[
			$query = $this->db->query("SELECT r.review_id, r.author, r.admin_author, r.rating, r.text, r.answer, p.product_id, pd.name, p.price, p.image, r.date_added FROM " . DB_PREFIX . "review r LEFT JOIN " . DB_PREFIX . "product p ON (r.product_id = p.product_id) LEFT JOIN " . DB_PREFIX . "product_description pd ON (p.product_id = pd.product_id) WHERE p.product_id = '" . (int)$product_id . "' AND p.date_available <= NOW() AND p.status = '1' AND r.status = '1' AND pd.language_id = '" . (int)$this->config->get('config_language_id') . "' ORDER BY r.date_added DESC LIMIT " . (int)$start . "," . (int)$limit);
		]]></add>
	</operation>
</file>
<file path="catalog/view/theme/*/template/product/review.twig">
	<operation error="skip">
		<search><![CDATA[{% if reviews %}]]></search>
		<add position="before"><![CDATA[
			<script type="text/javascript"><!--
const id={{ reviewsId }};
$(document).ready(function(){
	for (let i=1; i<=id; i++){
	$('.answer_user_'+ i).click(function(){
		$('.form_answer_user'+ i).slideToggle(300);      
		return false;
	});
}
});

-->
</script>

<script type="text/javascript"><!--
const id={{ reviewsId }};
for (let i=1; i<=id; i++){
$('#button-review'+ i).on('click', function() {
	$.ajax({
		url: 'index.php?route=product/answer_review/writeRewiew&review_id='+i,
		type: 'post',
		dataType: 'json',
		data: $("#form-review"+ i).serialize(),
		beforeSend: function() {
			$('#button-review'+ i).button('loading');
		},
		complete: function() {
			$('#button-review'+ i).button('reset');
		},
		success: function(json) {
			$('.alert-dismissible').remove();

			if (json['error']) {
				$('#error'+ i).after('<div class="alert alert-danger alert-dismissible"><i class="fa fa-exclamation-circle"></i> ' + json['error'] + '</div>');
			}

			if (json['success']) {
				$('#error'+ i).after('<div class="alert alert-success alert-dismissible"><i class="fa fa-check-circle"></i> ' + json['success'] + '</div>');

				$('input[name=\'name\']').val('');
				$('textarea[name=\'text\']').val('');
				$('input[name=\'rating\']:checked').prop('checked', false);
			}
		}
	});
});
}
-->
</script>
		]]></add>
	</operation>
	<operation error="skip">
		<search><![CDATA[{% endfor %}</td>]]></search>
		<add position="replace"><![CDATA[
			{% endfor %}
			{% if (review.answer) %} 
			<hr>
			  <div class="answer_admin">
				<p><strong>{{ review.admin_author }}</strong> - {{ entry_admin_author }}</p>
				<p>{{ review.answer }}</p>
			  </div>
			  
			{% endif %} 
			<a class="answer_user_{{ review.review_id }}" id="{{ review.review_id }}" href="#">Коментировать</a>
 

			<div class="form_answer_user{{ review.review_id }}" id="{{ review.review_id }}" style="display:none;">
			<form class="form-horizontal" id="form-review{{ review.review_id }}">
                <div id="error{{ review.review_id }}"></div>
                
                
                <div class="form-group required">
                  <div class="col-sm-12">
                    <label class="control-label" for="input-name">{{ entry_name }}</label>
                    <input type="text" name="name" value="{{ customer_name }}" id="input-name" class="form-control" />
                  </div>
                </div>
                <div class="form-group required">
                  <div class="col-sm-12">
                    <label class="control-label" for="input-review">{{ entry_review }}</label>
                    <textarea name="text" rows="5" id="input-review" class="form-control"></textarea>
                    <div class="help-block">{{ text_note }}</div>
                  </div>
                </div>
                <div class="form-group required">
                  <div class="col-sm-12">
                    <label class="control-label">{{ entry_rating }}</label>
                    &nbsp;&nbsp;&nbsp; {{ entry_bad }}&nbsp;
                    <input type="radio" name="rating" value="1" />
                    &nbsp;
                    <input type="radio" name="rating" value="2" />
                    &nbsp;
                    <input type="radio" name="rating" value="3" />
                    &nbsp;
                    <input type="radio" name="rating" value="4" />
                    &nbsp;
                    <input type="radio" name="rating" value="5" />
                    &nbsp;{{ entry_good }}</div>
                </div>
                {{ captcha }}
                <div class="buttons clearfix">
                  <div class="pull-right">
                    <button type="button" id="button-review{{ review.review_id }}" data-loading-text="{{ text_loading }}" class="btn btn-primary">{{ button_continue }}</button>
                  </div>
                </div>

              </form>
			  </div>
			</td>
		]]></add>
	</operation>
</file>
</modification>