 <modification>
    <name>Gen Event</name>
    <code>gen_Events</code>
    <version>2.2.4</version>
    <author>GEN</author>
    
	<file path="catalog/view/theme/default/template/common/header.tpl">
    <operation>
      <search><![CDATA[<link href="catalog/view/theme/default/stylesheet/stylesheet.css" rel="stylesheet">]]></search>
      <add position="before"><![CDATA[	
<script src="catalog/view/javascript/fullcalendar/main.js" type="text/javascript"></script>
<script src="catalog/view/javascript/fullcalendar/locales-all.js" type="text/javascript"></script>
<link href="catalog/view/javascript/fullcalendar/main.css" rel="stylesheet">
<link href="catalog/view/theme/default/stylesheet/EventsGen.css" rel="stylesheet">
]]></add>
    </operation>
  </file>
  </modification>