﻿<?xml version="1.0" encoding="UTF-8"?>
<modification>
    <name>Opencart Price chart</name>
    <code>Price_chart</code>
    <version>0.0.2</version>
    <author>GEN</author>
  <file path="admin/controller/catalog/product.php">
    <operation>
      <search><![CDATA[$this->model_catalog_product->editProduct($this->request->get['product_id'], $this->request->post);]]></search>
      <add position="after"><![CDATA[  
			$this->load->model('extension/module/genpricechart');
			$this->model_extension_module_genpricechart->addPrice_Module($this->request->get['product_id'], $this->request->post);
			]]></add>
    </operation>
	<operation>
      <search><![CDATA[$product_id = $this->db->getLastId();]]></search>
      <add position="after"><![CDATA[  
			$this->db->query("INSERT INTO " . DB_PREFIX . "genProductPrice SET product_id = '" . (int)$product_id . "',price = '" . (float)$data['price'] . "', date_modified = NOW()");
			]]></add>
    </operation>
  </file>
    <file path="catalog/view/theme/default/template/product/product.twig">
    <operation>
      <search><![CDATA[<li><a href="#tab-review" data-toggle="tab">{{ tab_review }}</a></li>]]></search>
      <add position="after" offset="1"><![CDATA[  
			{% if product_chart_status %}
            <li><a href="#tab-product_chart" data-toggle="tab">{{ product_chart }}</a></li>
            {% endif %}
			]]></add>
    </operation>
	<operation>
      <search><![CDATA[ <div class="tab-pane" id="tab-review">]]></search>
      <add position="after" offset="1"><![CDATA[  
			{% if product_chart_status %}
            <div class="tab-pane" id="tab-product_chart">тут будет график</div>
			{% endif %}
			]]></add>
    </operation>
  </file>

</modification>
