﻿<?xml version="1.0" encoding="UTF-8"?>
<modification>
    <name>Opencart Select lang</name>
    <code>Select lang</code>
    <version>0.0.1</version>
	  <link>mailto:genodessa@gmail.com</link>
    <author>GEN2023</author>
    
    <file path="catalog/controller/common/header.php">
        <operation>
            <search><![CDATA[return $this->load->view('common/header', $data);]]></search>
            <add position="before"><![CDATA[
                $data['select_lang_modal']=$this->load->controller('common/select_lang');
                $data['is_modalLang']=0;

                if(!$_COOKIE['language']){
                    $data['is_modalLang']=1;
                }
            ]]></add>
        </operation>
    </file>
    <file path="catalog/view/theme/*/template/common/header.twig">
        <operation>
            <search><![CDATA[ <body ]]></search>
            <add position="before"><![CDATA[
                {% if is_modalLang==1 %}
                    {{ select_lang_modal }}
                {% endif %}
            ]]></add>
        </operation>
    </file>
    
</modification>