﻿<?xml version="1.0" encoding="UTF-8"?>
<modification>
    <name>Opencart Coupon registration user</name>
    <code>Coupon registration user</code>
    <version>1.0.0</version>
    <author>GEN</author>
    <file path="catalog/controller/account/register.php">
    <operation>
      <search><![CDATA[$customer_id = $this->model_account_customer->addCustomer($this->request->post);]]></search>
      <add position="before"><![CDATA[
			$this->load->model('extension/module/couponreguser');
			$this->model_extension_module_couponreguser->addCoupon($this->request->post['email']);
      	]]></add>
    </operation>
  </file>
</modification>